section,training_seed,split,prediction_source,score_or_state,region,window_sec,metric,legacy_value,final_value,signed_difference_final_minus_legacy,absolute_difference,exactly_equal
overall_error_detection,0,val,deterministic_raw,one_minus_confidence,overall,,auroc,0.7532382379008138,0.7532382379008138,0.0,0.0,True
overall_error_detection,0,val,deterministic_raw,one_minus_confidence,overall,,aupr,0.5310958430984926,0.5310958430984926,0.0,0.0,True
overall_error_detection,0,val,deterministic_raw,normalised_entropy,overall,,auroc,0.7603566814120384,0.7603566814120384,0.0,0.0,True
overall_error_detection,0,val,deterministic_raw,normalised_entropy,overall,,aupr,0.5435120312271564,0.5435120312271564,0.0,0.0,True
overall_error_detection,0,val,mc_dropout_t30,mc_entropy,overall,,auroc,0.7605149916516285,0.7617159793449884,0.0012009876933598562,0.0012009876933598562,False
overall_error_detection,0,val,mc_dropout_t30,mc_entropy,overall,,aupr,0.5477490144568457,0.5500791163107837,0.0023301018539380047,0.0023301018539380047,False
overall_error_detection,0,val,mc_dropout_t30,mc_mutual_info,overall,,auroc,0.7496046704186757,0.7517394260800332,0.002134755661357457,0.002134755661357457,False
overall_error_detection,0,val,mc_dropout_t30,mc_mutual_info,overall,,aupr,0.4824923267363075,0.4803153327764842,-0.0021769939598232924,0.0021769939598232924,False
overall_error_detection,0,test,deterministic_raw,one_minus_confidence,overall,,auroc,0.7452828211610782,0.7452828211610782,0.0,0.0,True
overall_error_detection,0,test,deterministic_raw,one_minus_confidence,overall,,aupr,0.5648253020283682,0.5648253020283682,0.0,0.0,True
overall_error_detection,0,test,deterministic_raw,normalised_entropy,overall,,auroc,0.757006182528304,0.757006182528304,0.0,0.0,True
overall_error_detection,0,test,deterministic_raw,normalised_entropy,overall,,aupr,0.5909709967129004,0.5909709967129004,0.0,0.0,True
overall_error_detection,0,test,mc_dropout_t30,mc_entropy,overall,,auroc,0.7675382175984111,0.7666045245561157,-0.0009336930422954026,0.0009336930422954026,False
overall_error_detection,0,test,mc_dropout_t30,mc_entropy,overall,,aupr,0.6033917261305612,0.6003715609173087,-0.003020165213252546,0.003020165213252546,False
overall_error_detection,0,test,mc_dropout_t30,mc_mutual_info,overall,,auroc,0.7615455791317527,0.7595216755420998,-0.0020239035896528756,0.0020239035896528756,False
overall_error_detection,0,test,mc_dropout_t30,mc_mutual_info,overall,,aupr,0.5808255607650852,0.5772437619878696,-0.003581798777215539,0.003581798777215539,False
overall_error_detection,1,val,deterministic_raw,one_minus_confidence,overall,,auroc,0.6794352099298341,0.6794352099298341,0.0,0.0,True
overall_error_detection,1,val,deterministic_raw,one_minus_confidence,overall,,aupr,0.4154044382821987,0.41540443828219875,5.551115123125783e-17,5.551115123125783e-17,False
overall_error_detection,1,val,deterministic_raw,normalised_entropy,overall,,auroc,0.6877926295416538,0.6877926295416538,0.0,0.0,True
overall_error_detection,1,val,deterministic_raw,normalised_entropy,overall,,aupr,0.4211208013310032,0.4211208013310032,0.0,0.0,True
overall_error_detection,1,val,mc_dropout_t30,mc_entropy,overall,,auroc,0.7014121959090769,0.7082890694616045,0.00687687355252764,0.00687687355252764,False
overall_error_detection,1,val,mc_dropout_t30,mc_entropy,overall,,aupr,0.4388968730501795,0.44499755237676397,0.006100679326584479,0.006100679326584479,False
overall_error_detection,1,val,mc_dropout_t30,mc_mutual_info,overall,,auroc,0.7406804098794447,0.738846738948152,-0.001833670931292719,0.001833670931292719,False
overall_error_detection,1,val,mc_dropout_t30,mc_mutual_info,overall,,aupr,0.5362639787201985,0.5365054871607438,0.00024150844054526832,0.00024150844054526832,False
overall_error_detection,1,test,deterministic_raw,one_minus_confidence,overall,,auroc,0.5743117442187397,0.5743117442187397,0.0,0.0,True
overall_error_detection,1,test,deterministic_raw,one_minus_confidence,overall,,aupr,0.4402098116500738,0.4402098116500738,0.0,0.0,True
overall_error_detection,1,test,deterministic_raw,normalised_entropy,overall,,auroc,0.5811860225169558,0.5811860225169558,0.0,0.0,True
overall_error_detection,1,test,deterministic_raw,normalised_entropy,overall,,aupr,0.4421848703908539,0.44218487039085397,5.551115123125783e-17,5.551115123125783e-17,False
overall_error_detection,1,test,mc_dropout_t30,mc_entropy,overall,,auroc,0.588156326556289,0.589863346989397,0.0017070204331079974,0.0017070204331079974,False
overall_error_detection,1,test,mc_dropout_t30,mc_entropy,overall,,aupr,0.4400253835584555,0.44069589688566724,0.0006705133272117414,0.0006705133272117414,False
overall_error_detection,1,test,mc_dropout_t30,mc_mutual_info,overall,,auroc,0.6451668142263524,0.6488458959937718,0.0036790817674194898,0.0036790817674194898,False
overall_error_detection,1,test,mc_dropout_t30,mc_mutual_info,overall,,aupr,0.5221437401597099,0.5329347601332914,0.010791019973581562,0.010791019973581562,False
overall_error_detection,2,val,deterministic_raw,one_minus_confidence,overall,,auroc,0.7343288698023435,0.7343288698023435,0.0,0.0,True
overall_error_detection,2,val,deterministic_raw,one_minus_confidence,overall,,aupr,0.5276692723111358,0.5276692723111358,0.0,0.0,True
overall_error_detection,2,val,deterministic_raw,normalised_entropy,overall,,auroc,0.7472721111964795,0.7472721111964795,0.0,0.0,True
overall_error_detection,2,val,deterministic_raw,normalised_entropy,overall,,aupr,0.5516821274519348,0.5516821274519348,0.0,0.0,True
overall_error_detection,2,val,mc_dropout_t30,mc_entropy,overall,,auroc,0.74691153232988,0.7465318988839011,-0.0003796334459787998,0.0003796334459787998,False
overall_error_detection,2,val,mc_dropout_t30,mc_entropy,overall,,aupr,0.5589893558870047,0.560159284351579,0.0011699284645743102,0.0011699284645743102,False
overall_error_detection,2,val,mc_dropout_t30,mc_mutual_info,overall,,auroc,0.7747928903699826,0.7756090492047102,0.0008161588347276316,0.0008161588347276316,False
overall_error_detection,2,val,mc_dropout_t30,mc_mutual_info,overall,,aupr,0.6083301072170242,0.6082287617113047,-0.00010134550571949674,0.00010134550571949674,False
overall_error_detection,2,test,deterministic_raw,one_minus_confidence,overall,,auroc,0.7441231420279016,0.7441231420279016,0.0,0.0,True
overall_error_detection,2,test,deterministic_raw,one_minus_confidence,overall,,aupr,0.5345636336221887,0.5345636336221887,0.0,0.0,True
overall_error_detection,2,test,deterministic_raw,normalised_entropy,overall,,auroc,0.7538918720411789,0.7538918720411789,0.0,0.0,True
overall_error_detection,2,test,deterministic_raw,normalised_entropy,overall,,aupr,0.5572311959945772,0.5572311959945772,0.0,0.0,True
overall_error_detection,2,test,mc_dropout_t30,mc_entropy,overall,,auroc,0.7584881208177296,0.7582048495843646,-0.00028327123336502336,0.00028327123336502336,False
overall_error_detection,2,test,mc_dropout_t30,mc_entropy,overall,,aupr,0.5617996382729582,0.5609990976419836,-0.0008005406309745666,0.0008005406309745666,False
overall_error_detection,2,test,mc_dropout_t30,mc_mutual_info,overall,,auroc,0.765490895111805,0.76320610644742,-0.0022847886643849735,0.0022847886643849735,False
overall_error_detection,2,test,mc_dropout_t30,mc_mutual_info,overall,,aupr,0.5665194532737957,0.5590679006994483,-0.007451552574347375,0.007451552574347375,False
overall_error_detection,0,val,deterministic_raw,one_minus_confidence,overall,,exact_aurc,0.1436652617121959,0.14366526171219596,5.551115123125783e-17,5.551115123125783e-17,False
overall_error_detection,0,val,deterministic_raw,normalised_entropy,overall,,exact_aurc,0.1402890258212268,0.14028902582122685,5.551115123125783e-17,5.551115123125783e-17,False
overall_error_detection,0,val,mc_dropout_t30,mc_entropy,overall,,exact_aurc,0.1402187309096666,0.14026876208795813,5.003117829152637e-05,5.003117829152637e-05,False
overall_error_detection,0,val,mc_dropout_t30,mc_mutual_info,overall,,exact_aurc,0.1405026996225624,0.1398817097000924,-0.0006209899224700055,0.0006209899224700055,False
overall_error_detection,0,test,deterministic_raw,one_minus_confidence,overall,,exact_aurc,0.1782644160742567,0.1782644160742567,0.0,0.0,True
overall_error_detection,0,test,deterministic_raw,normalised_entropy,overall,,exact_aurc,0.1737219213835975,0.17372192138359752,2.7755575615628914e-17,2.7755575615628914e-17,False
overall_error_detection,0,test,mc_dropout_t30,mc_entropy,overall,,exact_aurc,0.1669719881948739,0.1668226955320571,-0.00014929266281679676,0.00014929266281679676,False
overall_error_detection,0,test,mc_dropout_t30,mc_mutual_info,overall,,exact_aurc,0.1701501245309992,0.17030580938893303,0.00015568485793382436,0.00015568485793382436,False
overall_error_detection,1,val,deterministic_raw,one_minus_confidence,overall,,exact_aurc,0.1765146741234192,0.17651467412341923,2.7755575615628914e-17,2.7755575615628914e-17,False
overall_error_detection,1,val,deterministic_raw,normalised_entropy,overall,,exact_aurc,0.1705256434384437,0.1705256434384437,0.0,0.0,True
overall_error_detection,1,val,mc_dropout_t30,mc_entropy,overall,,exact_aurc,0.1660414838049243,0.16419122165871408,-0.0018502621462102298,0.0018502621462102298,False
overall_error_detection,1,val,mc_dropout_t30,mc_mutual_info,overall,,exact_aurc,0.1532289425110608,0.1540518100533106,0.0008228675422497778,0.0008228675422497778,False
overall_error_detection,1,test,deterministic_raw,one_minus_confidence,overall,,exact_aurc,0.3116351331095961,0.3116351331095961,0.0,0.0,True
overall_error_detection,1,test,deterministic_raw,normalised_entropy,overall,,exact_aurc,0.3045039427048373,0.3045039427048373,0.0,0.0,True
overall_error_detection,1,test,mc_dropout_t30,mc_entropy,overall,,exact_aurc,0.2943041557909687,0.29346598543141644,-0.0008381703595522483,0.0008381703595522483,False
overall_error_detection,1,test,mc_dropout_t30,mc_mutual_info,overall,,exact_aurc,0.2646953541639875,0.2635744816519933,-0.0011208725119941643,0.0011208725119941643,False
overall_error_detection,2,val,deterministic_raw,one_minus_confidence,overall,,exact_aurc,0.1677562828712334,0.16775628287123345,5.551115123125783e-17,5.551115123125783e-17,False
overall_error_detection,2,val,deterministic_raw,normalised_entropy,overall,,exact_aurc,0.1624716355588115,0.16247163555881153,2.7755575615628914e-17,2.7755575615628914e-17,False
overall_error_detection,2,val,mc_dropout_t30,mc_entropy,overall,,exact_aurc,0.1656886214839645,0.16547227214336635,-0.0002163493405981376,0.0002163493405981376,False
overall_error_detection,2,val,mc_dropout_t30,mc_mutual_info,overall,,exact_aurc,0.1513688541135151,0.15059594412546143,-0.0007729099880536827,0.0007729099880536827,False
overall_error_detection,2,test,deterministic_raw,one_minus_confidence,overall,,exact_aurc,0.1639253245405993,0.16392532454059935,5.551115123125783e-17,5.551115123125783e-17,False
overall_error_detection,2,test,deterministic_raw,normalised_entropy,overall,,exact_aurc,0.1596283310870046,0.1596283310870046,0.0,0.0,True
overall_error_detection,2,test,mc_dropout_t30,mc_entropy,overall,,exact_aurc,0.1573791177967482,0.15741907888696946,3.996109022125216e-05,3.996109022125216e-05,False
overall_error_detection,2,test,mc_dropout_t30,mc_mutual_info,overall,,exact_aurc,0.1530321501948665,0.15320271533631694,0.0001705651414504461,0.0001705651414504461,False
conditional_error_detection,0,val,deterministic_raw,one_minus_confidence,near_boundary,5.0,auroc,0.6049295774647887,0.6049295774647887,0.0,0.0,True
conditional_error_detection,0,val,deterministic_raw,one_minus_confidence,near_boundary,5.0,aupr,0.6744094085467816,0.6744094085467816,0.0,0.0,True
conditional_error_detection,0,val,deterministic_raw,one_minus_confidence,far_from_boundary,5.0,auroc,0.7547499391304577,0.7547499391304577,0.0,0.0,True
conditional_error_detection,0,val,deterministic_raw,one_minus_confidence,far_from_boundary,5.0,aupr,0.5281479222221778,0.5281479222221778,0.0,0.0,True
conditional_error_detection,0,val,deterministic_raw,one_minus_confidence,near_boundary,10.0,auroc,0.6233206106870229,0.6233206106870229,0.0,0.0,True
conditional_error_detection,0,val,deterministic_raw,one_minus_confidence,near_boundary,10.0,aupr,0.6752583573051533,0.6752583573051533,0.0,0.0,True
conditional_error_detection,0,val,deterministic_raw,one_minus_confidence,far_from_boundary,10.0,auroc,0.7557033182083376,0.7557033182083376,0.0,0.0,True
conditional_error_detection,0,val,deterministic_raw,one_minus_confidence,far_from_boundary,10.0,aupr,0.5253659335958599,0.5253659335958599,0.0,0.0,True
conditional_error_detection,0,val,deterministic_raw,one_minus_confidence,near_boundary,20.0,auroc,0.6513087447947651,0.6513087447947651,0.0,0.0,True
conditional_error_detection,0,val,deterministic_raw,one_minus_confidence,near_boundary,20.0,aupr,0.690731291784663,0.690731291784663,0.0,0.0,True
conditional_error_detection,0,val,deterministic_raw,one_minus_confidence,far_from_boundary,20.0,auroc,0.7567776360119838,0.7567776360119838,0.0,0.0,True
conditional_error_detection,0,val,deterministic_raw,one_minus_confidence,far_from_boundary,20.0,aupr,0.5175922201642787,0.5175922201642787,0.0,0.0,True
conditional_error_detection,0,val,deterministic_raw,normalised_entropy,near_boundary,5.0,auroc,0.5983802816901408,0.5983802816901408,0.0,0.0,True
conditional_error_detection,0,val,deterministic_raw,normalised_entropy,near_boundary,5.0,aupr,0.6459185076406175,0.6459185076406175,0.0,0.0,True
conditional_error_detection,0,val,deterministic_raw,normalised_entropy,far_from_boundary,5.0,auroc,0.7620296504613799,0.7620296504613799,0.0,0.0,True
conditional_error_detection,0,val,deterministic_raw,normalised_entropy,far_from_boundary,5.0,aupr,0.541649006034504,0.541649006034504,0.0,0.0,True
conditional_error_detection,0,val,deterministic_raw,normalised_entropy,near_boundary,10.0,auroc,0.6239312977099237,0.6239312977099237,0.0,0.0,True
conditional_error_detection,0,val,deterministic_raw,normalised_entropy,near_boundary,10.0,aupr,0.6654788658537115,0.6654788658537115,0.0,0.0,True
conditional_error_detection,0,val,deterministic_raw,normalised_entropy,far_from_boundary,10.0,auroc,0.762876102388584,0.762876102388584,0.0,0.0,True
conditional_error_detection,0,val,deterministic_raw,normalised_entropy,far_from_boundary,10.0,aupr,0.538021617369111,0.538021617369111,0.0,0.0,True
conditional_error_detection,0,val,deterministic_raw,normalised_entropy,near_boundary,20.0,auroc,0.653653579218719,0.653653579218719,0.0,0.0,True
conditional_error_detection,0,val,deterministic_raw,normalised_entropy,near_boundary,20.0,aupr,0.6859094317206109,0.6859094317206109,0.0,0.0,True
conditional_error_detection,0,val,deterministic_raw,normalised_entropy,far_from_boundary,20.0,auroc,0.7640523131810271,0.7640523131810271,0.0,0.0,True
conditional_error_detection,0,val,deterministic_raw,normalised_entropy,far_from_boundary,20.0,aupr,0.5307299509686829,0.5307299509686829,0.0,0.0,True
conditional_error_detection,0,val,mc_dropout_t30,mc_entropy,near_boundary,5.0,auroc,0.5960957797907449,0.6119234301052483,0.015827650314503394,0.015827650314503394,False
conditional_error_detection,0,val,mc_dropout_t30,mc_entropy,near_boundary,5.0,aupr,0.6338419196727529,0.6641222245129248,0.030280304840171857,0.030280304840171857,False
conditional_error_detection,0,val,mc_dropout_t30,mc_entropy,far_from_boundary,5.0,auroc,0.7620040550482136,0.7629756823051925,0.0009716272569789686,0.0009716272569789686,False
conditional_error_detection,0,val,mc_dropout_t30,mc_entropy,far_from_boundary,5.0,aupr,0.5464701665823538,0.5477087602205093,0.001238593638155483,0.001238593638155483,False
conditional_error_detection,0,val,mc_dropout_t30,mc_entropy,near_boundary,10.0,auroc,0.6270944129925087,0.6353249135410894,0.008230500548580766,0.008230500548580766,False
conditional_error_detection,0,val,mc_dropout_t30,mc_entropy,near_boundary,10.0,aupr,0.6617560549274073,0.6820959092500508,0.020339854322643514,0.020339854322643514,False
conditional_error_detection,0,val,mc_dropout_t30,mc_entropy,far_from_boundary,10.0,auroc,0.762715814659665,0.7636773090338635,0.0009614943741985682,0.0009614943741985682,False
conditional_error_detection,0,val,mc_dropout_t30,mc_entropy,far_from_boundary,10.0,aupr,0.5423039981792356,0.5435383634762169,0.001234365296981288,0.001234365296981288,False
conditional_error_detection,0,val,mc_dropout_t30,mc_entropy,near_boundary,20.0,auroc,0.654408559540321,0.6539904569573137,-0.00041810258300722936,0.00041810258300722936,False
conditional_error_detection,0,val,mc_dropout_t30,mc_entropy,near_boundary,20.0,aupr,0.6815839676533282,0.6859124634409149,0.004328495787586761,0.004328495787586761,False
conditional_error_detection,0,val,mc_dropout_t30,mc_entropy,far_from_boundary,20.0,auroc,0.7639012256187542,0.765237028413993,0.0013358027952388163,0.0013358027952388163,False
conditional_error_detection,0,val,mc_dropout_t30,mc_entropy,far_from_boundary,20.0,aupr,0.5348205478260446,0.5370670358992647,0.002246488073220143,0.002246488073220143,False
conditional_error_detection,0,val,mc_dropout_t30,mc_mutual_info,near_boundary,5.0,auroc,0.6230601783582614,0.6234371688917143,0.00037699053345285893,0.00037699053345285893,False
conditional_error_detection,0,val,mc_dropout_t30,mc_mutual_info,near_boundary,5.0,aupr,0.7024128078022159,0.699684730572111,-0.0027280772301049305,0.0027280772301049305,False
conditional_error_detection,0,val,mc_dropout_t30,mc_mutual_info,far_from_boundary,5.0,auroc,0.7508501002430069,0.7530495556615249,0.0021994554185179593,0.0021994554185179593,False
conditional_error_detection,0,val,mc_dropout_t30,mc_mutual_info,far_from_boundary,5.0,aupr,0.4781323587677394,0.4758715675264673,-0.0022607912412720976,0.0022607912412720976,False
conditional_error_detection,0,val,mc_dropout_t30,mc_mutual_info,near_boundary,10.0,auroc,0.6331179352280741,0.6397195100980185,0.006601574869944393,0.006601574869944393,False
conditional_error_detection,0,val,mc_dropout_t30,mc_mutual_info,near_boundary,10.0,aupr,0.7017455735750665,0.7159111416421071,0.014165568067040613,0.014165568067040613,False
conditional_error_detection,0,val,mc_dropout_t30,mc_mutual_info,far_from_boundary,10.0,auroc,0.7520551190635846,0.7539256422842986,0.0018705232207140154,0.0018705232207140154,False
conditional_error_detection,0,val,mc_dropout_t30,mc_mutual_info,far_from_boundary,10.0,aupr,0.4739526292985849,0.47105127827779936,-0.0029013510207855364,0.0029013510207855364,False
conditional_error_detection,0,val,mc_dropout_t30,mc_mutual_info,near_boundary,20.0,auroc,0.6523826035268476,0.6520080977270927,-0.0003745057997549539,0.0003745057997549539,False
conditional_error_detection,0,val,mc_dropout_t30,mc_mutual_info,near_boundary,20.0,aupr,0.6923975434297097,0.6927251868213491,0.00032764339163937617,0.00032764339163937617,False
conditional_error_detection,0,val,mc_dropout_t30,mc_mutual_info,far_from_boundary,20.0,auroc,0.7539444758275301,0.7561198950477003,0.0021754192201701716,0.0021754192201701716,False
conditional_error_detection,0,val,mc_dropout_t30,mc_mutual_info,far_from_boundary,20.0,aupr,0.4660560764528541,0.4636302863843897,-0.002425790068464384,0.002425790068464384,False
conditional_error_detection,0,test,deterministic_raw,one_minus_confidence,near_boundary,5.0,auroc,0.5902537101217453,0.5902537101217453,0.0,0.0,True
conditional_error_detection,0,test,deterministic_raw,one_minus_confidence,near_boundary,5.0,aupr,0.6372330766970828,0.6372330766970828,0.0,0.0,True
conditional_error_detection,0,test,deterministic_raw,one_minus_confidence,far_from_boundary,5.0,auroc,0.7483624326033735,0.7483624326033735,0.0,0.0,True
conditional_error_detection,0,test,deterministic_raw,one_minus_confidence,far_from_boundary,5.0,aupr,0.5631325337709436,0.5631325337709436,0.0,0.0,True
conditional_error_detection,0,test,deterministic_raw,one_minus_confidence,near_boundary,10.0,auroc,0.6156681527240699,0.6156681527240699,0.0,0.0,True
conditional_error_detection,0,test,deterministic_raw,one_minus_confidence,near_boundary,10.0,aupr,0.6376676484279964,0.6376676484279964,0.0,0.0,True
conditional_error_detection,0,test,deterministic_raw,one_minus_confidence,far_from_boundary,10.0,auroc,0.7500608306550717,0.7500608306550717,0.0,0.0,True
conditional_error_detection,0,test,deterministic_raw,one_minus_confidence,far_from_boundary,10.0,aupr,0.5606683261378153,0.5606683261378153,0.0,0.0,True
conditional_error_detection,0,test,deterministic_raw,one_minus_confidence,near_boundary,20.0,auroc,0.6288819391274504,0.6288819391274504,0.0,0.0,True
conditional_error_detection,0,test,deterministic_raw,one_minus_confidence,near_boundary,20.0,aupr,0.6125563252101698,0.6125563252101698,0.0,0.0,True
conditional_error_detection,0,test,deterministic_raw,one_minus_confidence,far_from_boundary,20.0,auroc,0.7542418979455998,0.7542418979455998,0.0,0.0,True
conditional_error_detection,0,test,deterministic_raw,one_minus_confidence,far_from_boundary,20.0,aupr,0.5597894270835082,0.5597894270835082,0.0,0.0,True
conditional_error_detection,0,test,deterministic_raw,normalised_entropy,near_boundary,5.0,auroc,0.606238336443615,0.606238336443615,0.0,0.0,True
conditional_error_detection,0,test,deterministic_raw,normalised_entropy,near_boundary,5.0,aupr,0.6699117124286451,0.6699117124286451,0.0,0.0,True
conditional_error_detection,0,test,deterministic_raw,normalised_entropy,far_from_boundary,5.0,auroc,0.759995018764307,0.759995018764307,0.0,0.0,True
conditional_error_detection,0,test,deterministic_raw,normalised_entropy,far_from_boundary,5.0,aupr,0.5886818636824269,0.5886818636824269,0.0,0.0,True
conditional_error_detection,0,test,deterministic_raw,normalised_entropy,near_boundary,10.0,auroc,0.6315854563442989,0.6315854563442989,0.0,0.0,True
conditional_error_detection,0,test,deterministic_raw,normalised_entropy,near_boundary,10.0,aupr,0.6693675067700287,0.6693675067700287,0.0,0.0,True
conditional_error_detection,0,test,deterministic_raw,normalised_entropy,far_from_boundary,10.0,auroc,0.761636720091915,0.761636720091915,0.0,0.0,True
conditional_error_detection,0,test,deterministic_raw,normalised_entropy,far_from_boundary,10.0,aupr,0.5857214630130928,0.5857214630130928,0.0,0.0,True
conditional_error_detection,0,test,deterministic_raw,normalised_entropy,near_boundary,20.0,auroc,0.6402634402279181,0.6402634402279181,0.0,0.0,True
conditional_error_detection,0,test,deterministic_raw,normalised_entropy,near_boundary,20.0,aupr,0.6402768471733673,0.6402768471733673,0.0,0.0,True
conditional_error_detection,0,test,deterministic_raw,normalised_entropy,far_from_boundary,20.0,auroc,0.7659969581682956,0.7659969581682956,0.0,0.0,True
conditional_error_detection,0,test,deterministic_raw,normalised_entropy,far_from_boundary,20.0,aupr,0.584442596609051,0.584442596609051,0.0,0.0,True
conditional_error_detection,0,test,mc_dropout_t30,mc_entropy,near_boundary,5.0,auroc,0.6058661879750904,0.6127120716874569,0.006845883712366496,0.006845883712366496,False
conditional_error_detection,0,test,mc_dropout_t30,mc_entropy,near_boundary,5.0,aupr,0.6646440603650989,0.6744112065750119,0.009767146209912925,0.009767146209912925,False
conditional_error_detection,0,test,mc_dropout_t30,mc_entropy,far_from_boundary,5.0,auroc,0.7709051678979602,0.7697942545844815,-0.0011109133134786786,0.0011109133134786786,False
conditional_error_detection,0,test,mc_dropout_t30,mc_entropy,far_from_boundary,5.0,aupr,0.6018815719816666,0.598370643364362,-0.0035109286173046206,0.0035109286173046206,False
conditional_error_detection,0,test,mc_dropout_t30,mc_entropy,near_boundary,10.0,auroc,0.6211828674882862,0.6287076813698613,0.00752481388157511,0.00752481388157511,False
conditional_error_detection,0,test,mc_dropout_t30,mc_entropy,near_boundary,10.0,aupr,0.6513788900054633,0.6627780932057643,0.011399203200300967,0.011399203200300967,False
conditional_error_detection,0,test,mc_dropout_t30,mc_entropy,far_from_boundary,10.0,auroc,0.7731895360453499,0.771904503500561,-0.0012850325447889555,0.0012850325447889555,False
conditional_error_detection,0,test,mc_dropout_t30,mc_entropy,far_from_boundary,10.0,aupr,0.6003422423103743,0.5963561352167253,-0.003986107093648994,0.003986107093648994,False
conditional_error_detection,0,test,mc_dropout_t30,mc_entropy,near_boundary,20.0,auroc,0.6378792013116759,0.6389150279100732,0.0010358265983972936,0.0010358265983972936,False
conditional_error_detection,0,test,mc_dropout_t30,mc_entropy,near_boundary,20.0,aupr,0.6341959659187708,0.6364140656532284,0.0022180997344576348,0.0022180997344576348,False
conditional_error_detection,0,test,mc_dropout_t30,mc_entropy,far_from_boundary,20.0,auroc,0.7778854119276846,0.7768038025086446,-0.0010816094190400083,0.0010816094190400083,False
conditional_error_detection,0,test,mc_dropout_t30,mc_entropy,far_from_boundary,20.0,aupr,0.5994122313640584,0.5955917470082229,-0.003820484355835485,0.003820484355835485,False
conditional_error_detection,0,test,mc_dropout_t30,mc_mutual_info,near_boundary,5.0,auroc,0.606963189504244,0.6225068374357948,0.01554364793155083,0.01554364793155083,False
conditional_error_detection,0,test,mc_dropout_t30,mc_mutual_info,near_boundary,5.0,aupr,0.6246488729688711,0.6353973766678366,0.010748503698965517,0.010748503698965517,False
conditional_error_detection,0,test,mc_dropout_t30,mc_mutual_info,far_from_boundary,5.0,auroc,0.7647564807592883,0.762438801129599,-0.0023176796296892066,0.0023176796296892066,False
conditional_error_detection,0,test,mc_dropout_t30,mc_mutual_info,far_from_boundary,5.0,aupr,0.5803849032869701,0.5766175122830828,-0.0037673910038873437,0.0037673910038873437,False
conditional_error_detection,0,test,mc_dropout_t30,mc_mutual_info,near_boundary,10.0,auroc,0.6161394708192739,0.6254451025166744,0.009305631697400507,0.009305631697400507,False
conditional_error_detection,0,test,mc_dropout_t30,mc_mutual_info,near_boundary,10.0,aupr,0.5945550627283679,0.607692355979951,0.013137293251583082,0.013137293251583082,False
conditional_error_detection,0,test,mc_dropout_t30,mc_mutual_info,far_from_boundary,10.0,auroc,0.7671573140038257,0.7647493215433256,-0.0024079924605000524,0.0024079924605000524,False
conditional_error_detection,0,test,mc_dropout_t30,mc_mutual_info,far_from_boundary,10.0,aupr,0.5814158819392912,0.5769059420760129,-0.0045099398632783005,0.0045099398632783005,False
conditional_error_detection,0,test,mc_dropout_t30,mc_mutual_info,near_boundary,20.0,auroc,0.6327147577136575,0.6372562669636913,0.004541509250033826,0.004541509250033826,False
conditional_error_detection,0,test,mc_dropout_t30,mc_mutual_info,near_boundary,20.0,aupr,0.586905722705156,0.5918181977634875,0.004912475058331589,0.004912475058331589,False
conditional_error_detection,0,test,mc_dropout_t30,mc_mutual_info,far_from_boundary,20.0,auroc,0.7718991254396004,0.7694157982990188,-0.002483327140581526,0.002483327140581526,False
conditional_error_detection,0,test,mc_dropout_t30,mc_mutual_info,far_from_boundary,20.0,aupr,0.5820548922889988,0.5770481568615764,-0.00500673542742236,0.00500673542742236,False
conditional_error_detection,1,val,deterministic_raw,one_minus_confidence,near_boundary,5.0,auroc,0.4754132231404958,0.47541322314049583,5.551115123125783e-17,5.551115123125783e-17,False
conditional_error_detection,1,val,deterministic_raw,one_minus_confidence,near_boundary,5.0,aupr,0.5609788979351015,0.5609788979351015,0.0,0.0,True
conditional_error_detection,1,val,deterministic_raw,one_minus_confidence,far_from_boundary,5.0,auroc,0.6816739932941673,0.6816739932941673,0.0,0.0,True
conditional_error_detection,1,val,deterministic_raw,one_minus_confidence,far_from_boundary,5.0,aupr,0.4119716619828221,0.4119716619828221,0.0,0.0,True
conditional_error_detection,1,val,deterministic_raw,one_minus_confidence,near_boundary,10.0,auroc,0.4421220358046677,0.4421220358046677,0.0,0.0,True
conditional_error_detection,1,val,deterministic_raw,one_minus_confidence,near_boundary,10.0,aupr,0.4943613154182066,0.4943613154182066,0.0,0.0,True
conditional_error_detection,1,val,deterministic_raw,one_minus_confidence,far_from_boundary,10.0,auroc,0.6855234957716865,0.6855234957716865,0.0,0.0,True
conditional_error_detection,1,val,deterministic_raw,one_minus_confidence,far_from_boundary,10.0,aupr,0.4124352022769588,0.41243520227695885,5.551115123125783e-17,5.551115123125783e-17,False
conditional_error_detection,1,val,deterministic_raw,one_minus_confidence,near_boundary,20.0,auroc,0.4849457533543044,0.4849457533543044,0.0,0.0,True
conditional_error_detection,1,val,deterministic_raw,one_minus_confidence,near_boundary,20.0,aupr,0.4758240544516914,0.4758240544516914,0.0,0.0,True
conditional_error_detection,1,val,deterministic_raw,one_minus_confidence,far_from_boundary,20.0,auroc,0.6888118004369348,0.6888118004369348,0.0,0.0,True
conditional_error_detection,1,val,deterministic_raw,one_minus_confidence,far_from_boundary,20.0,aupr,0.4119558333835376,0.4119558333835376,0.0,0.0,True
conditional_error_detection,1,val,deterministic_raw,normalised_entropy,near_boundary,5.0,auroc,0.4980027548209366,0.49800275482093664,5.551115123125783e-17,5.551115123125783e-17,False
conditional_error_detection,1,val,deterministic_raw,normalised_entropy,near_boundary,5.0,aupr,0.5901765522209679,0.5901765522209679,0.0,0.0,True
conditional_error_detection,1,val,deterministic_raw,normalised_entropy,far_from_boundary,5.0,auroc,0.6896667764902813,0.6896667764902813,0.0,0.0,True
conditional_error_detection,1,val,deterministic_raw,normalised_entropy,far_from_boundary,5.0,aupr,0.4171441069269196,0.41714410692691967,5.551115123125783e-17,5.551115123125783e-17,False
conditional_error_detection,1,val,deterministic_raw,normalised_entropy,near_boundary,10.0,auroc,0.4556940669228606,0.45569406692286063,5.551115123125783e-17,5.551115123125783e-17,False
conditional_error_detection,1,val,deterministic_raw,normalised_entropy,near_boundary,10.0,aupr,0.5098224353715639,0.5098224353715639,0.0,0.0,True
conditional_error_detection,1,val,deterministic_raw,normalised_entropy,far_from_boundary,10.0,auroc,0.6933699691330276,0.6933699691330276,0.0,0.0,True
conditional_error_detection,1,val,deterministic_raw,normalised_entropy,far_from_boundary,10.0,aupr,0.4177858498032241,0.41778584980322414,5.551115123125783e-17,5.551115123125783e-17,False
conditional_error_detection,1,val,deterministic_raw,normalised_entropy,near_boundary,20.0,auroc,0.5028073935437356,0.5028073935437356,0.0,0.0,True
conditional_error_detection,1,val,deterministic_raw,normalised_entropy,near_boundary,20.0,aupr,0.4958281578191131,0.49582815781911316,5.551115123125783e-17,5.551115123125783e-17,False
conditional_error_detection,1,val,deterministic_raw,normalised_entropy,far_from_boundary,20.0,auroc,0.6958855098879386,0.6958855098879386,0.0,0.0,True
conditional_error_detection,1,val,deterministic_raw,normalised_entropy,far_from_boundary,20.0,aupr,0.4154919675576939,0.4154919675576939,0.0,0.0,True
conditional_error_detection,1,val,mc_dropout_t30,mc_entropy,near_boundary,5.0,auroc,0.5321564555209415,0.5275181723779856,-0.00463828314295589,0.00463828314295589,False
conditional_error_detection,1,val,mc_dropout_t30,mc_entropy,near_boundary,5.0,aupr,0.6415845775509623,0.6337704453982045,-0.007814132152757836,0.007814132152757836,False
conditional_error_detection,1,val,mc_dropout_t30,mc_entropy,far_from_boundary,5.0,auroc,0.7029456006678932,0.7100115209317946,0.007065920263901404,0.007065920263901404,False
conditional_error_detection,1,val,mc_dropout_t30,mc_entropy,far_from_boundary,5.0,aupr,0.43418469894798,0.4408511757605738,0.006666476812593802,0.006666476812593802,False
conditional_error_detection,1,val,mc_dropout_t30,mc_entropy,near_boundary,10.0,auroc,0.4852795112535372,0.49201529464687355,0.006735783393336359,0.006735783393336359,False
conditional_error_detection,1,val,mc_dropout_t30,mc_entropy,near_boundary,10.0,aupr,0.5433833677359603,0.554228430169206,0.010845062433245678,0.010845062433245678,False
conditional_error_detection,1,val,mc_dropout_t30,mc_entropy,far_from_boundary,10.0,auroc,0.7063666222006859,0.7132368332720923,0.006870211071406396,0.006870211071406396,False
conditional_error_detection,1,val,mc_dropout_t30,mc_entropy,far_from_boundary,10.0,aupr,0.4346653201058476,0.4409117919937342,0.006246471887886629,0.006246471887886629,False
conditional_error_detection,1,val,mc_dropout_t30,mc_entropy,near_boundary,20.0,auroc,0.5345685949761426,0.5332922743397714,-0.0012763206363711754,0.0012763206363711754,False
conditional_error_detection,1,val,mc_dropout_t30,mc_entropy,near_boundary,20.0,aupr,0.5340827799103479,0.5355986034593611,0.00151582354901314,0.00151582354901314,False
conditional_error_detection,1,val,mc_dropout_t30,mc_entropy,far_from_boundary,20.0,auroc,0.7084895930791929,0.7159293163154206,0.007439723236227658,0.007439723236227658,False
conditional_error_detection,1,val,mc_dropout_t30,mc_entropy,far_from_boundary,20.0,aupr,0.4306269153080141,0.43790633572270965,0.007279420414695537,0.007279420414695537,False
conditional_error_detection,1,val,mc_dropout_t30,mc_mutual_info,near_boundary,5.0,auroc,0.5240567670474212,0.5243336794738664,0.0002769124264452305,0.0002769124264452305,False
conditional_error_detection,1,val,mc_dropout_t30,mc_mutual_info,near_boundary,5.0,aupr,0.6278662921154845,0.6134463469975218,-0.01441994511796274,0.01441994511796274,False
conditional_error_detection,1,val,mc_dropout_t30,mc_mutual_info,far_from_boundary,5.0,auroc,0.7429233756588546,0.7411214200081994,-0.0018019556506552181,0.0018019556506552181,False
conditional_error_detection,1,val,mc_dropout_t30,mc_mutual_info,far_from_boundary,5.0,aupr,0.5347961242615726,0.5357203373635242,0.0009242131019515654,0.0009242131019515654,False
conditional_error_detection,1,val,mc_dropout_t30,mc_mutual_info,near_boundary,10.0,auroc,0.481512715278949,0.48189383715699496,0.00038112187804595354,0.00038112187804595354,False
conditional_error_detection,1,val,mc_dropout_t30,mc_mutual_info,near_boundary,10.0,aupr,0.5331967244431887,0.5113602837145526,-0.02183644072863611,0.02183644072863611,False
conditional_error_detection,1,val,mc_dropout_t30,mc_mutual_info,far_from_boundary,10.0,auroc,0.7471690917879328,0.7451798516358972,-0.0019892401520356096,0.0019892401520356096,False
conditional_error_detection,1,val,mc_dropout_t30,mc_mutual_info,far_from_boundary,10.0,aupr,0.5390705613455897,0.5395533442652821,0.00048278291969239273,0.00048278291969239273,False
conditional_error_detection,1,val,mc_dropout_t30,mc_mutual_info,near_boundary,20.0,auroc,0.5111498876138648,0.5099970437524636,-0.0011528438614012426,0.0011528438614012426,False
conditional_error_detection,1,val,mc_dropout_t30,mc_mutual_info,near_boundary,20.0,aupr,0.4952894932071374,0.477901879959139,-0.017387613247998368,0.017387613247998368,False
conditional_error_detection,1,val,mc_dropout_t30,mc_mutual_info,far_from_boundary,20.0,auroc,0.7515528176413993,0.7496161049150523,-0.0019367127263469897,0.0019367127263469897,False
conditional_error_detection,1,val,mc_dropout_t30,mc_mutual_info,far_from_boundary,20.0,aupr,0.5443178532382447,0.5445185328005624,0.00020067956231772932,0.00020067956231772932,False
conditional_error_detection,1,test,deterministic_raw,one_minus_confidence,near_boundary,5.0,auroc,0.4955555555555555,0.4955555555555555,0.0,0.0,True
conditional_error_detection,1,test,deterministic_raw,one_minus_confidence,near_boundary,5.0,aupr,0.5093549136324986,0.5093549136324986,0.0,0.0,True
conditional_error_detection,1,test,deterministic_raw,one_minus_confidence,far_from_boundary,5.0,auroc,0.5751755410044823,0.5751755410044823,0.0,0.0,True
conditional_error_detection,1,test,deterministic_raw,one_minus_confidence,far_from_boundary,5.0,aupr,0.4386864780910469,0.4386864780910469,0.0,0.0,True
conditional_error_detection,1,test,deterministic_raw,one_minus_confidence,near_boundary,10.0,auroc,0.5384663865546219,0.5384663865546219,0.0,0.0,True
conditional_error_detection,1,test,deterministic_raw,one_minus_confidence,near_boundary,10.0,aupr,0.5341475267379645,0.5341475267379645,0.0,0.0,True
conditional_error_detection,1,test,deterministic_raw,one_minus_confidence,far_from_boundary,10.0,auroc,0.5744571624662003,0.5744571624662003,0.0,0.0,True
conditional_error_detection,1,test,deterministic_raw,one_minus_confidence,far_from_boundary,10.0,aupr,0.4358303805151135,0.4358303805151135,0.0,0.0,True
conditional_error_detection,1,test,deterministic_raw,one_minus_confidence,near_boundary,20.0,auroc,0.5527136683738796,0.5527136683738796,0.0,0.0,True
conditional_error_detection,1,test,deterministic_raw,one_minus_confidence,near_boundary,20.0,aupr,0.5391987749802853,0.5391987749802853,0.0,0.0,True
conditional_error_detection,1,test,deterministic_raw,one_minus_confidence,far_from_boundary,20.0,auroc,0.5744493463730301,0.5744493463730301,0.0,0.0,True
conditional_error_detection,1,test,deterministic_raw,one_minus_confidence,far_from_boundary,20.0,aupr,0.4309708246036971,0.4309708246036971,0.0,0.0,True
conditional_error_detection,1,test,deterministic_raw,normalised_entropy,near_boundary,5.0,auroc,0.5122058018609743,0.5122058018609743,0.0,0.0,True
conditional_error_detection,1,test,deterministic_raw,normalised_entropy,near_boundary,5.0,aupr,0.5279511987838483,0.5279511987838483,0.0,0.0,True
conditional_error_detection,1,test,deterministic_raw,normalised_entropy,far_from_boundary,5.0,auroc,0.5818169893975736,0.5818169893975736,0.0,0.0,True
conditional_error_detection,1,test,deterministic_raw,normalised_entropy,far_from_boundary,5.0,aupr,0.439991118294419,0.43999111829441906,5.551115123125783e-17,5.551115123125783e-17,False
conditional_error_detection,1,test,deterministic_raw,normalised_entropy,near_boundary,10.0,auroc,0.5488535414165666,0.5488535414165666,0.0,0.0,True
conditional_error_detection,1,test,deterministic_raw,normalised_entropy,near_boundary,10.0,aupr,0.5441267444682556,0.5441267444682556,0.0,0.0,True
conditional_error_detection,1,test,deterministic_raw,normalised_entropy,far_from_boundary,10.0,auroc,0.5811904112128439,0.5811904112128439,0.0,0.0,True
conditional_error_detection,1,test,deterministic_raw,normalised_entropy,far_from_boundary,10.0,aupr,0.4370978678460827,0.43709786784608273,5.551115123125783e-17,5.551115123125783e-17,False
conditional_error_detection,1,test,deterministic_raw,normalised_entropy,near_boundary,20.0,auroc,0.5655937900128041,0.5655937900128041,0.0,0.0,True
conditional_error_detection,1,test,deterministic_raw,normalised_entropy,near_boundary,20.0,aupr,0.5550696210146544,0.5550696210146544,0.0,0.0,True
conditional_error_detection,1,test,deterministic_raw,normalised_entropy,far_from_boundary,20.0,auroc,0.5806312218824807,0.5806312218824807,0.0,0.0,True
conditional_error_detection,1,test,deterministic_raw,normalised_entropy,far_from_boundary,20.0,aupr,0.4309282815237732,0.43092828152377327,5.551115123125783e-17,5.551115123125783e-17,False
conditional_error_detection,1,test,mc_dropout_t30,mc_entropy,near_boundary,5.0,auroc,0.5354801937874039,0.5331997020679986,-0.002280491719405253,0.002280491719405253,False
conditional_error_detection,1,test,mc_dropout_t30,mc_entropy,near_boundary,5.0,aupr,0.5656404051439792,0.5555920897779785,-0.010048315366000704,0.010048315366000704,False
conditional_error_detection,1,test,mc_dropout_t30,mc_entropy,far_from_boundary,5.0,auroc,0.5883698478542376,0.590232829015245,0.0018629811610073599,0.0018629811610073599,False
conditional_error_detection,1,test,mc_dropout_t30,mc_entropy,far_from_boundary,5.0,aupr,0.4365653352933198,0.43756088731373766,0.0009955520204178447,0.0009955520204178447,False
conditional_error_detection,1,test,mc_dropout_t30,mc_entropy,near_boundary,10.0,auroc,0.5665948301737282,0.5675471199630125,0.0009522897892842996,0.0009522897892842996,False
conditional_error_detection,1,test,mc_dropout_t30,mc_entropy,near_boundary,10.0,aupr,0.5680258142624013,0.5632787752194572,-0.004747039042944046,0.004747039042944046,False
conditional_error_detection,1,test,mc_dropout_t30,mc_entropy,far_from_boundary,10.0,auroc,0.5876144725737128,0.5894355000279848,0.0018210274542720395,0.0018210274542720395,False
conditional_error_detection,1,test,mc_dropout_t30,mc_entropy,far_from_boundary,10.0,aupr,0.4332133260513543,0.4343784896088825,0.0011651635575281594,0.0011651635575281594,False
conditional_error_detection,1,test,mc_dropout_t30,mc_entropy,near_boundary,20.0,auroc,0.5797820115083712,0.5816818052296078,0.001899793721236609,0.001899793721236609,False
conditional_error_detection,1,test,mc_dropout_t30,mc_entropy,near_boundary,20.0,aupr,0.5755096958094588,0.5733616234788066,-0.002148072330652173,0.002148072330652173,False
conditional_error_detection,1,test,mc_dropout_t30,mc_entropy,far_from_boundary,20.0,auroc,0.5869069360374027,0.5886351198683676,0.0017281838309648467,0.0017281838309648467,False
conditional_error_detection,1,test,mc_dropout_t30,mc_entropy,far_from_boundary,20.0,aupr,0.4260167366085627,0.42714298633371556,0.0011262497251528503,0.0011262497251528503,False
conditional_error_detection,1,test,mc_dropout_t30,mc_mutual_info,near_boundary,5.0,auroc,0.5840804963062016,0.5628286014721346,-0.021251894834066976,0.021251894834066976,False
conditional_error_detection,1,test,mc_dropout_t30,mc_mutual_info,near_boundary,5.0,aupr,0.6174376572531688,0.6052613877379385,-0.01217626951523032,0.01217626951523032,False
conditional_error_detection,1,test,mc_dropout_t30,mc_mutual_info,far_from_boundary,5.0,auroc,0.6456108847002886,0.6498868855652475,0.00427600086495894,0.00427600086495894,False
conditional_error_detection,1,test,mc_dropout_t30,mc_mutual_info,far_from_boundary,5.0,aupr,0.5192751163932704,0.5308694309954848,0.011594314602214384,0.011594314602214384,False
conditional_error_detection,1,test,mc_dropout_t30,mc_mutual_info,near_boundary,10.0,auroc,0.5957306311606296,0.5987012363173475,0.002970605156717876,0.002970605156717876,False
conditional_error_detection,1,test,mc_dropout_t30,mc_mutual_info,near_boundary,10.0,aupr,0.6174746900636932,0.6217177800846412,0.004243090020948026,0.004243090020948026,False
conditional_error_detection,1,test,mc_dropout_t30,mc_mutual_info,far_from_boundary,10.0,auroc,0.6458674428789133,0.6496476272322395,0.003780184353326166,0.003780184353326166,False
conditional_error_detection,1,test,mc_dropout_t30,mc_mutual_info,far_from_boundary,10.0,aupr,0.5165943809726383,0.5279816465281608,0.011387265555522497,0.011387265555522497,False
conditional_error_detection,1,test,mc_dropout_t30,mc_mutual_info,near_boundary,20.0,auroc,0.6052137354675006,0.6110327146639687,0.0058189791964681215,0.0058189791964681215,False
conditional_error_detection,1,test,mc_dropout_t30,mc_mutual_info,near_boundary,20.0,aupr,0.6164358084320246,0.6271767605812736,0.010740952149248972,0.010740952149248972,False
conditional_error_detection,1,test,mc_dropout_t30,mc_mutual_info,far_from_boundary,20.0,auroc,0.6466857364973542,0.6504224337913492,0.0037366972939950616,0.0037366972939950616,False
conditional_error_detection,1,test,mc_dropout_t30,mc_mutual_info,far_from_boundary,20.0,aupr,0.5114114118714757,0.5227603476970182,0.011348935825542528,0.011348935825542528,False
conditional_error_detection,2,val,deterministic_raw,one_minus_confidence,near_boundary,5.0,auroc,0.5668269230769231,0.5668269230769231,0.0,0.0,True
conditional_error_detection,2,val,deterministic_raw,one_minus_confidence,near_boundary,5.0,aupr,0.5701609130299072,0.5701609130299072,0.0,0.0,True
conditional_error_detection,2,val,deterministic_raw,one_minus_confidence,far_from_boundary,5.0,auroc,0.7365702591318817,0.7365702591318817,0.0,0.0,True
conditional_error_detection,2,val,deterministic_raw,one_minus_confidence,far_from_boundary,5.0,aupr,0.5274680289550867,0.5274680289550867,0.0,0.0,True
conditional_error_detection,2,val,deterministic_raw,one_minus_confidence,near_boundary,10.0,auroc,0.5617764602135205,0.5617764602135205,0.0,0.0,True
conditional_error_detection,2,val,deterministic_raw,one_minus_confidence,near_boundary,10.0,aupr,0.5520855001463226,0.5520855001463226,0.0,0.0,True
conditional_error_detection,2,val,deterministic_raw,one_minus_confidence,far_from_boundary,10.0,auroc,0.7389707900199017,0.7389707900199017,0.0,0.0,True
conditional_error_detection,2,val,deterministic_raw,one_minus_confidence,far_from_boundary,10.0,aupr,0.5276086417482375,0.5276086417482375,0.0,0.0,True
conditional_error_detection,2,val,deterministic_raw,one_minus_confidence,near_boundary,20.0,auroc,0.5609227274738566,0.5609227274738566,0.0,0.0,True
conditional_error_detection,2,val,deterministic_raw,one_minus_confidence,near_boundary,20.0,aupr,0.5379013028399704,0.5379013028399704,0.0,0.0,True
conditional_error_detection,2,val,deterministic_raw,one_minus_confidence,far_from_boundary,20.0,auroc,0.7434501870840305,0.7434501870840305,0.0,0.0,True
conditional_error_detection,2,val,deterministic_raw,one_minus_confidence,far_from_boundary,20.0,aupr,0.5285187255367052,0.5285187255367052,0.0,0.0,True
conditional_error_detection,2,val,deterministic_raw,normalised_entropy,near_boundary,5.0,auroc,0.5720467032967034,0.5720467032967034,0.0,0.0,True
conditional_error_detection,2,val,deterministic_raw,normalised_entropy,near_boundary,5.0,aupr,0.5800281043012105,0.5800281043012105,0.0,0.0,True
conditional_error_detection,2,val,deterministic_raw,normalised_entropy,far_from_boundary,5.0,auroc,0.7496509095897597,0.7496509095897597,0.0,0.0,True
conditional_error_detection,2,val,deterministic_raw,normalised_entropy,far_from_boundary,5.0,aupr,0.5523642940512384,0.5523642940512384,0.0,0.0,True
conditional_error_detection,2,val,deterministic_raw,normalised_entropy,near_boundary,10.0,auroc,0.564872319267501,0.564872319267501,0.0,0.0,True
conditional_error_detection,2,val,deterministic_raw,normalised_entropy,near_boundary,10.0,aupr,0.5555121865008775,0.5555121865008775,0.0,0.0,True
conditional_error_detection,2,val,deterministic_raw,normalised_entropy,far_from_boundary,10.0,auroc,0.7522091954648297,0.7522091954648297,0.0,0.0,True
conditional_error_detection,2,val,deterministic_raw,normalised_entropy,far_from_boundary,10.0,aupr,0.5533526644475396,0.5533526644475396,0.0,0.0,True
conditional_error_detection,2,val,deterministic_raw,normalised_entropy,near_boundary,20.0,auroc,0.566797937039386,0.566797937039386,0.0,0.0,True
conditional_error_detection,2,val,deterministic_raw,normalised_entropy,near_boundary,20.0,aupr,0.5537362769372873,0.5537362769372873,0.0,0.0,True
conditional_error_detection,2,val,deterministic_raw,normalised_entropy,far_from_boundary,20.0,auroc,0.7570222490897319,0.7570222490897319,0.0,0.0,True
conditional_error_detection,2,val,deterministic_raw,normalised_entropy,far_from_boundary,20.0,aupr,0.5535859108874457,0.5535859108874457,0.0,0.0,True
conditional_error_detection,2,val,mc_dropout_t30,mc_entropy,near_boundary,5.0,auroc,0.6140399556048836,0.5944903581267217,-0.019549597478161873,0.019549597478161873,False
conditional_error_detection,2,val,mc_dropout_t30,mc_entropy,near_boundary,5.0,aupr,0.6567311835423568,0.6256300548947775,-0.0311011286475793,0.0311011286475793,False
conditional_error_detection,2,val,mc_dropout_t30,mc_entropy,far_from_boundary,5.0,auroc,0.7483339478116936,0.7483704858279419,3.653801624825537e-05,3.653801624825537e-05,False
conditional_error_detection,2,val,mc_dropout_t30,mc_entropy,far_from_boundary,5.0,aupr,0.5569101535536509,0.5593881747829054,0.0024780212292544457,0.0024780212292544457,False
conditional_error_detection,2,val,mc_dropout_t30,mc_entropy,near_boundary,10.0,auroc,0.5960482779365317,0.5845908408408408,-0.011457437095690914,0.011457437095690914,False
conditional_error_detection,2,val,mc_dropout_t30,mc_entropy,near_boundary,10.0,aupr,0.6086918141553868,0.5891095954096716,-0.019582218745715196,0.019582218745715196,False
conditional_error_detection,2,val,mc_dropout_t30,mc_entropy,far_from_boundary,10.0,auroc,0.750617941761722,0.7505933116894495,-2.4630072272491255e-05,2.4630072272491255e-05,False
conditional_error_detection,2,val,mc_dropout_t30,mc_entropy,far_from_boundary,10.0,aupr,0.5574642723221861,0.5601732925337162,0.0027090202115300777,0.0027090202115300777,False
conditional_error_detection,2,val,mc_dropout_t30,mc_entropy,near_boundary,20.0,auroc,0.5820058997050147,0.5806722813020841,-0.0013336184029305587,0.0013336184029305587,False
conditional_error_detection,2,val,mc_dropout_t30,mc_entropy,near_boundary,20.0,aupr,0.5802275740173101,0.5745381622892166,-0.005689411728093452,0.005689411728093452,False
conditional_error_detection,2,val,mc_dropout_t30,mc_entropy,far_from_boundary,20.0,auroc,0.7548904628220178,0.754496035890502,-0.0003944269315158122,0.0003944269315158122,False
conditional_error_detection,2,val,mc_dropout_t30,mc_entropy,far_from_boundary,20.0,aupr,0.5584419758294212,0.5604242793076595,0.0019823034782382454,0.0019823034782382454,False
conditional_error_detection,2,val,mc_dropout_t30,mc_mutual_info,near_boundary,5.0,auroc,0.6144561598224195,0.5805785123966942,-0.0338776474257253,0.0338776474257253,False
conditional_error_detection,2,val,mc_dropout_t30,mc_mutual_info,near_boundary,5.0,aupr,0.6842705741385283,0.6322790142470212,-0.051991559891507166,0.051991559891507166,False
conditional_error_detection,2,val,mc_dropout_t30,mc_mutual_info,far_from_boundary,5.0,auroc,0.7767804148245063,0.7781335095701654,0.0013530947456590336,0.0013530947456590336,False
conditional_error_detection,2,val,mc_dropout_t30,mc_mutual_info,far_from_boundary,5.0,aupr,0.606972601709051,0.6081653609967168,0.0011927592876658233,0.0011927592876658233,False
conditional_error_detection,2,val,mc_dropout_t30,mc_mutual_info,near_boundary,10.0,auroc,0.6093397503383967,0.5847222222222223,-0.02461752811617446,0.02461752811617446,False
conditional_error_detection,2,val,mc_dropout_t30,mc_mutual_info,near_boundary,10.0,aupr,0.6509475149923221,0.6124012416208183,-0.038546273371503736,0.038546273371503736,False
conditional_error_detection,2,val,mc_dropout_t30,mc_mutual_info,far_from_boundary,10.0,auroc,0.7791428798694572,0.7803723636574027,0.0012294837879455178,0.0012294837879455178,False
conditional_error_detection,2,val,mc_dropout_t30,mc_mutual_info,far_from_boundary,10.0,aupr,0.6074015541845621,0.6088058344526269,0.001404280268064828,0.001404280268064828,False
conditional_error_detection,2,val,mc_dropout_t30,mc_mutual_info,near_boundary,20.0,auroc,0.5983013765978368,0.596559929595815,-0.0017414470020217232,0.0017414470020217232,False
conditional_error_detection,2,val,mc_dropout_t30,mc_mutual_info,near_boundary,20.0,aupr,0.5989473193849231,0.5852444831876376,-0.013702836197285517,0.013702836197285517,False
conditional_error_detection,2,val,mc_dropout_t30,mc_mutual_info,far_from_boundary,20.0,auroc,0.7834257354739318,0.7840175181934396,0.0005917827195077718,0.0005917827195077718,False
conditional_error_detection,2,val,mc_dropout_t30,mc_mutual_info,far_from_boundary,20.0,aupr,0.6101477236224979,0.610653229042589,0.0005055054200910902,0.0005055054200910902,False
conditional_error_detection,2,test,deterministic_raw,one_minus_confidence,near_boundary,5.0,auroc,0.577764584295358,0.577764584295358,0.0,0.0,True
conditional_error_detection,2,test,deterministic_raw,one_minus_confidence,near_boundary,5.0,aupr,0.5867952880463471,0.5867952880463471,0.0,0.0,True
conditional_error_detection,2,test,deterministic_raw,one_minus_confidence,far_from_boundary,5.0,auroc,0.7474047394638271,0.7474047394638271,0.0,0.0,True
conditional_error_detection,2,test,deterministic_raw,one_minus_confidence,far_from_boundary,5.0,aupr,0.5337791870168773,0.5337791870168773,0.0,0.0,True
conditional_error_detection,2,test,deterministic_raw,one_minus_confidence,near_boundary,10.0,auroc,0.5922791317022259,0.5922791317022259,0.0,0.0,True
conditional_error_detection,2,test,deterministic_raw,one_minus_confidence,near_boundary,10.0,aupr,0.5589777389698203,0.5589777389698203,0.0,0.0,True
conditional_error_detection,2,test,deterministic_raw,one_minus_confidence,far_from_boundary,10.0,auroc,0.749677113612903,0.749677113612903,0.0,0.0,True
conditional_error_detection,2,test,deterministic_raw,one_minus_confidence,far_from_boundary,10.0,aupr,0.5341869733149611,0.5341869733149611,0.0,0.0,True
conditional_error_detection,2,test,deterministic_raw,one_minus_confidence,near_boundary,20.0,auroc,0.6282632408289939,0.6282632408289939,0.0,0.0,True
conditional_error_detection,2,test,deterministic_raw,one_minus_confidence,near_boundary,20.0,aupr,0.5799878656569868,0.5799878656569868,0.0,0.0,True
conditional_error_detection,2,test,deterministic_raw,one_minus_confidence,far_from_boundary,20.0,auroc,0.7525110220829477,0.7525110220829477,0.0,0.0,True
conditional_error_detection,2,test,deterministic_raw,one_minus_confidence,far_from_boundary,20.0,aupr,0.5302101756857577,0.5302101756857577,0.0,0.0,True
conditional_error_detection,2,test,deterministic_raw,normalised_entropy,near_boundary,5.0,auroc,0.5982474657519186,0.5982474657519186,0.0,0.0,True
conditional_error_detection,2,test,deterministic_raw,normalised_entropy,near_boundary,5.0,aupr,0.6314253946391971,0.6314253946391971,0.0,0.0,True
conditional_error_detection,2,test,deterministic_raw,normalised_entropy,far_from_boundary,5.0,auroc,0.757022629665329,0.757022629665329,0.0,0.0,True
conditional_error_detection,2,test,deterministic_raw,normalised_entropy,far_from_boundary,5.0,aupr,0.555467573315173,0.555467573315173,0.0,0.0,True
conditional_error_detection,2,test,deterministic_raw,normalised_entropy,near_boundary,10.0,auroc,0.608357276102617,0.608357276102617,0.0,0.0,True
conditional_error_detection,2,test,deterministic_raw,normalised_entropy,near_boundary,10.0,aupr,0.5888173923101723,0.5888173923101723,0.0,0.0,True
conditional_error_detection,2,test,deterministic_raw,normalised_entropy,far_from_boundary,10.0,auroc,0.7593257413601112,0.7593257413601112,0.0,0.0,True
conditional_error_detection,2,test,deterministic_raw,normalised_entropy,far_from_boundary,10.0,aupr,0.555808315009165,0.555808315009165,0.0,0.0,True
conditional_error_detection,2,test,deterministic_raw,normalised_entropy,near_boundary,20.0,auroc,0.6377125443054893,0.6377125443054893,0.0,0.0,True
conditional_error_detection,2,test,deterministic_raw,normalised_entropy,near_boundary,20.0,aupr,0.5968531398898926,0.5968531398898926,0.0,0.0,True
conditional_error_detection,2,test,deterministic_raw,normalised_entropy,far_from_boundary,20.0,auroc,0.7625826689455097,0.7625826689455097,0.0,0.0,True
conditional_error_detection,2,test,deterministic_raw,normalised_entropy,far_from_boundary,20.0,aupr,0.5536187744979301,0.5536187744979301,0.0,0.0,True
conditional_error_detection,2,test,mc_dropout_t30,mc_entropy,near_boundary,5.0,auroc,0.6119669421487604,0.6055148756514281,-0.0064520664973322095,0.0064520664973322095,False
conditional_error_detection,2,test,mc_dropout_t30,mc_entropy,near_boundary,5.0,aupr,0.6619310242196226,0.650549695767701,-0.011381328451921524,0.011381328451921524,False
conditional_error_detection,2,test,mc_dropout_t30,mc_entropy,far_from_boundary,5.0,auroc,0.7614533311324316,0.7613365399858396,-0.00011679114659202128,0.00011679114659202128,False
conditional_error_detection,2,test,mc_dropout_t30,mc_entropy,far_from_boundary,5.0,aupr,0.5594524353097523,0.5589543477786136,-0.000498087531138669,0.000498087531138669,False
conditional_error_detection,2,test,mc_dropout_t30,mc_entropy,near_boundary,10.0,auroc,0.6161699166851611,0.6067346326836582,-0.009435284001502842,0.009435284001502842,False
conditional_error_detection,2,test,mc_dropout_t30,mc_entropy,near_boundary,10.0,aupr,0.6048399788805031,0.5873666346111777,-0.017473344269325453,0.017473344269325453,False
conditional_error_detection,2,test,mc_dropout_t30,mc_entropy,far_from_boundary,10.0,auroc,0.7638522930723078,0.7639839881010785,0.00013169502877063977,0.00013169502877063977,False
conditional_error_detection,2,test,mc_dropout_t30,mc_entropy,far_from_boundary,10.0,aupr,0.5598282453067023,0.5600309620341613,0.00020271672745897362,0.00020271672745897362,False
conditional_error_detection,2,test,mc_dropout_t30,mc_entropy,near_boundary,20.0,auroc,0.6411130858030325,0.6351715643089855,-0.005941521494047031,0.005941521494047031,False
conditional_error_detection,2,test,mc_dropout_t30,mc_entropy,near_boundary,20.0,aupr,0.5998657469423331,0.5894622579174481,-0.010403489024884971,0.010403489024884971,False
conditional_error_detection,2,test,mc_dropout_t30,mc_entropy,far_from_boundary,20.0,auroc,0.7673891605659722,0.7676450642551784,0.0002559036892062494,0.0002559036892062494,False
conditional_error_detection,2,test,mc_dropout_t30,mc_entropy,far_from_boundary,20.0,aupr,0.558477560453317,0.5589111762575399,0.0004336158042229643,0.0004336158042229643,False
conditional_error_detection,2,test,mc_dropout_t30,mc_mutual_info,near_boundary,5.0,auroc,0.5983471074380167,0.6109571871495482,0.012610079711531497,0.012610079711531497,False
conditional_error_detection,2,test,mc_dropout_t30,mc_mutual_info,near_boundary,5.0,aupr,0.6385351634446421,0.6473447501156386,0.008809586670996516,0.008809586670996516,False
conditional_error_detection,2,test,mc_dropout_t30,mc_mutual_info,far_from_boundary,5.0,auroc,0.768881987118566,0.766259058128185,-0.0026229289903810793,0.0026229289903810793,False
conditional_error_detection,2,test,mc_dropout_t30,mc_mutual_info,far_from_boundary,5.0,aupr,0.5647226994491048,0.5566703383243564,-0.008052361124748386,0.008052361124748386,False
conditional_error_detection,2,test,mc_dropout_t30,mc_mutual_info,near_boundary,10.0,auroc,0.6033127995345405,0.6000689655172414,-0.0032438340172991076,0.0032438340172991076,False
conditional_error_detection,2,test,mc_dropout_t30,mc_mutual_info,near_boundary,10.0,aupr,0.5862181529935753,0.5790493945931792,-0.0071687584003961025,0.0071687584003961025,False
conditional_error_detection,2,test,mc_dropout_t30,mc_mutual_info,far_from_boundary,10.0,auroc,0.7715986615777858,0.7694610116234477,-0.0021376499543380723,0.0021376499543380723,False
conditional_error_detection,2,test,mc_dropout_t30,mc_mutual_info,far_from_boundary,10.0,aupr,0.5663750513438061,0.5589188421644848,-0.007456209179321216,0.007456209179321216,False
conditional_error_detection,2,test,mc_dropout_t30,mc_mutual_info,near_boundary,20.0,auroc,0.6430744352114254,0.6298136834990086,-0.013260751712416807,0.013260751712416807,False
conditional_error_detection,2,test,mc_dropout_t30,mc_mutual_info,near_boundary,20.0,aupr,0.5964557345299614,0.5747769340310785,-0.021678800498882822,0.021678800498882822,False
conditional_error_detection,2,test,mc_dropout_t30,mc_mutual_info,far_from_boundary,20.0,auroc,0.775044182937546,0.7738293776633904,-0.001214805274155517,0.001214805274155517,False
conditional_error_detection,2,test,mc_dropout_t30,mc_mutual_info,far_from_boundary,20.0,aupr,0.5642156575878415,0.5588627967988385,-0.005352860789002989,0.005352860789002989,False
boundary_proximity_detection,0,val,deterministic_raw,one_minus_confidence,near_boundary_is_positive,5.0,auroc,0.6299877127131339,0.6299877127131339,0.0,0.0,True
boundary_proximity_detection,0,val,deterministic_raw,one_minus_confidence,near_boundary_is_positive,5.0,aupr,0.0238173034306343,0.02381730343063438,7.979727989493313e-17,7.979727989493313e-17,False
boundary_proximity_detection,0,val,deterministic_raw,normalised_entropy,near_boundary_is_positive,5.0,auroc,0.639850364410631,0.639850364410631,0.0,0.0,True
boundary_proximity_detection,0,val,deterministic_raw,normalised_entropy,near_boundary_is_positive,5.0,aupr,0.0271646842022094,0.02716468420220944,4.163336342344337e-17,4.163336342344337e-17,False
boundary_proximity_detection,0,val,deterministic_raw,one_minus_confidence,near_boundary_is_positive,10.0,auroc,0.6261377434878469,0.6261377434878469,0.0,0.0,True
boundary_proximity_detection,0,val,deterministic_raw,one_minus_confidence,near_boundary_is_positive,10.0,aupr,0.0431134584721925,0.043113458472192515,1.3877787807814457e-17,1.3877787807814457e-17,False
boundary_proximity_detection,0,val,deterministic_raw,normalised_entropy,near_boundary_is_positive,10.0,auroc,0.6360184497331293,0.6360184497331293,0.0,0.0,True
boundary_proximity_detection,0,val,deterministic_raw,normalised_entropy,near_boundary_is_positive,10.0,aupr,0.0474222190968875,0.0474222190968875,0.0,0.0,True
boundary_proximity_detection,0,val,deterministic_raw,one_minus_confidence,near_boundary_is_positive,20.0,auroc,0.621256798049663,0.621256798049663,0.0,0.0,True
boundary_proximity_detection,0,val,deterministic_raw,one_minus_confidence,near_boundary_is_positive,20.0,aupr,0.0822304336746374,0.0822304336746374,0.0,0.0,True
boundary_proximity_detection,0,val,deterministic_raw,normalised_entropy,near_boundary_is_positive,20.0,auroc,0.6286608610416401,0.6286608610416401,0.0,0.0,True
boundary_proximity_detection,0,val,deterministic_raw,normalised_entropy,near_boundary_is_positive,20.0,aupr,0.0856908280741532,0.08569082807415326,6.938893903907228e-17,6.938893903907228e-17,False
boundary_proximity_detection,0,val,mc_dropout_t30,mc_entropy,near_boundary_is_positive,5.0,auroc,0.6461575578035493,0.6478873160413616,0.0017297582378122955,0.0017297582378122955,False
boundary_proximity_detection,0,val,mc_dropout_t30,mc_entropy,near_boundary_is_positive,5.0,aupr,0.0292825198844444,0.029036595352833025,-0.0002459245316113745,0.0002459245316113745,False
boundary_proximity_detection,0,val,mc_dropout_t30,mc_mutual_info,near_boundary_is_positive,5.0,auroc,0.6236810803835429,0.6265371732507448,0.002856092867201898,0.002856092867201898,False
boundary_proximity_detection,0,val,mc_dropout_t30,mc_mutual_info,near_boundary_is_positive,5.0,aupr,0.0222572555763469,0.02225075529005418,-6.50028629272173e-06,6.50028629272173e-06,False
boundary_proximity_detection,0,val,mc_dropout_t30,mc_entropy,near_boundary_is_positive,10.0,auroc,0.6410144071412162,0.6430515154498615,0.002037108308645341,0.002037108308645341,False
boundary_proximity_detection,0,val,mc_dropout_t30,mc_entropy,near_boundary_is_positive,10.0,aupr,0.0507073096918403,0.05026397508743971,-0.0004433346044005887,0.0004433346044005887,False
boundary_proximity_detection,0,val,mc_dropout_t30,mc_mutual_info,near_boundary_is_positive,10.0,auroc,0.6185669832120555,0.6261513182429792,0.007584335030923706,0.007584335030923706,False
boundary_proximity_detection,0,val,mc_dropout_t30,mc_mutual_info,near_boundary_is_positive,10.0,aupr,0.041230954499931,0.041880583187813236,0.0006496286878822366,0.0006496286878822366,False
boundary_proximity_detection,0,val,mc_dropout_t30,mc_entropy,near_boundary_is_positive,20.0,auroc,0.6345517423966641,0.6352723238416722,0.0007205814450080839,0.0007205814450080839,False
boundary_proximity_detection,0,val,mc_dropout_t30,mc_entropy,near_boundary_is_positive,20.0,aupr,0.0896078602039874,0.0891979903959686,-0.0004098698080187979,0.0004098698080187979,False
boundary_proximity_detection,0,val,mc_dropout_t30,mc_mutual_info,near_boundary_is_positive,20.0,auroc,0.6160411515435177,0.6212853612835411,0.005244209740023376,0.005244209740023376,False
boundary_proximity_detection,0,val,mc_dropout_t30,mc_mutual_info,near_boundary_is_positive,20.0,aupr,0.0783472403117187,0.07900292032791638,0.0006556800161976739,0.0006556800161976739,False
boundary_proximity_detection,0,test,deterministic_raw,one_minus_confidence,near_boundary_is_positive,5.0,auroc,0.5883878803933108,0.5883878803933108,0.0,0.0,True
boundary_proximity_detection,0,test,deterministic_raw,one_minus_confidence,near_boundary_is_positive,5.0,aupr,0.0321479955331024,0.032147995533102484,8.326672684688674e-17,8.326672684688674e-17,False
boundary_proximity_detection,0,test,deterministic_raw,normalised_entropy,near_boundary_is_positive,5.0,auroc,0.5908640284402275,0.5908640284402275,0.0,0.0,True
boundary_proximity_detection,0,test,deterministic_raw,normalised_entropy,near_boundary_is_positive,5.0,aupr,0.0429103183518185,0.04291031835181852,2.0816681711721685e-17,2.0816681711721685e-17,False
boundary_proximity_detection,0,test,deterministic_raw,one_minus_confidence,near_boundary_is_positive,10.0,auroc,0.5926820277535758,0.5926820277535758,0.0,0.0,True
boundary_proximity_detection,0,test,deterministic_raw,one_minus_confidence,near_boundary_is_positive,10.0,aupr,0.063931845526196,0.06393184552619607,6.938893903907228e-17,6.938893903907228e-17,False
boundary_proximity_detection,0,test,deterministic_raw,normalised_entropy,near_boundary_is_positive,10.0,auroc,0.5956839641805262,0.5956839641805262,0.0,0.0,True
boundary_proximity_detection,0,test,deterministic_raw,normalised_entropy,near_boundary_is_positive,10.0,aupr,0.0760408765586602,0.07604087655866026,6.938893903907228e-17,6.938893903907228e-17,False
boundary_proximity_detection,0,test,deterministic_raw,one_minus_confidence,near_boundary_is_positive,20.0,auroc,0.5855300875279587,0.5855300875279587,0.0,0.0,True
boundary_proximity_detection,0,test,deterministic_raw,one_minus_confidence,near_boundary_is_positive,20.0,aupr,0.1134523936156544,0.11345239361565447,6.938893903907228e-17,6.938893903907228e-17,False
boundary_proximity_detection,0,test,deterministic_raw,normalised_entropy,near_boundary_is_positive,20.0,auroc,0.5875594605730715,0.5875594605730715,0.0,0.0,True
boundary_proximity_detection,0,test,deterministic_raw,normalised_entropy,near_boundary_is_positive,20.0,aupr,0.1244116731952907,0.1244116731952907,0.0,0.0,True
boundary_proximity_detection,0,test,mc_dropout_t30,mc_entropy,near_boundary_is_positive,5.0,auroc,0.582680539605756,0.5832132520382716,0.0005327124325155141,0.0005327124325155141,False
boundary_proximity_detection,0,test,mc_dropout_t30,mc_entropy,near_boundary_is_positive,5.0,aupr,0.0414866276311803,0.04175490364516315,0.00026827601398284745,0.00026827601398284745,False
boundary_proximity_detection,0,test,mc_dropout_t30,mc_mutual_info,near_boundary_is_positive,5.0,auroc,0.5762430182522564,0.5736965221828055,-0.0025464960694508987,0.0025464960694508987,False
boundary_proximity_detection,0,test,mc_dropout_t30,mc_mutual_info,near_boundary_is_positive,5.0,aupr,0.0267359907110824,0.02706882063264917,0.0003328299215667706,0.0003328299215667706,False
boundary_proximity_detection,0,test,mc_dropout_t30,mc_entropy,near_boundary_is_positive,10.0,auroc,0.589500688248133,0.5899023097945231,0.0004016215463901185,0.0004016215463901185,False
boundary_proximity_detection,0,test,mc_dropout_t30,mc_entropy,near_boundary_is_positive,10.0,aupr,0.0730976419350314,0.073323571755286,0.00022592982025460007,0.00022592982025460007,False
boundary_proximity_detection,0,test,mc_dropout_t30,mc_mutual_info,near_boundary_is_positive,10.0,auroc,0.5847878578709279,0.5806135263485198,-0.004174331522408092,0.004174331522408092,False
boundary_proximity_detection,0,test,mc_dropout_t30,mc_mutual_info,near_boundary_is_positive,10.0,aupr,0.0529361357603528,0.05244269502256531,-0.0004934407377874886,0.0004934407377874886,False
boundary_proximity_detection,0,test,mc_dropout_t30,mc_entropy,near_boundary_is_positive,20.0,auroc,0.5822485510836531,0.5834382041611526,0.0011896530774994085,0.0011896530774994085,False
boundary_proximity_detection,0,test,mc_dropout_t30,mc_entropy,near_boundary_is_positive,20.0,aupr,0.1202145427207351,0.12131906285824567,0.00110452013751057,0.00110452013751057,False
boundary_proximity_detection,0,test,mc_dropout_t30,mc_mutual_info,near_boundary_is_positive,20.0,auroc,0.5785294943423267,0.5754144991110874,-0.0031149952312392593,0.0031149952312392593,False
boundary_proximity_detection,0,test,mc_dropout_t30,mc_mutual_info,near_boundary_is_positive,20.0,aupr,0.100384669990538,0.09954432334182892,-0.0008403466487090783,0.0008403466487090783,False
boundary_proximity_detection,1,val,deterministic_raw,one_minus_confidence,near_boundary_is_positive,5.0,auroc,0.6274843884129202,0.6274843884129202,0.0,0.0,True
boundary_proximity_detection,1,val,deterministic_raw,one_minus_confidence,near_boundary_is_positive,5.0,aupr,0.0266708990476976,0.02667089904769769,9.020562075079397e-17,9.020562075079397e-17,False
boundary_proximity_detection,1,val,deterministic_raw,normalised_entropy,near_boundary_is_positive,5.0,auroc,0.6322403819719132,0.6322403819719132,0.0,0.0,True
boundary_proximity_detection,1,val,deterministic_raw,normalised_entropy,near_boundary_is_positive,5.0,aupr,0.024687942168021,0.02468794216802101,1.0408340855860843e-17,1.0408340855860843e-17,False
boundary_proximity_detection,1,val,deterministic_raw,one_minus_confidence,near_boundary_is_positive,10.0,auroc,0.618003183354665,0.618003183354665,0.0,0.0,True
boundary_proximity_detection,1,val,deterministic_raw,one_minus_confidence,near_boundary_is_positive,10.0,aupr,0.0448416536685832,0.044841653668583274,7.632783294297951e-17,7.632783294297951e-17,False
boundary_proximity_detection,1,val,deterministic_raw,normalised_entropy,near_boundary_is_positive,10.0,auroc,0.6262179240470074,0.6262179240470074,0.0,0.0,True
boundary_proximity_detection,1,val,deterministic_raw,normalised_entropy,near_boundary_is_positive,10.0,aupr,0.0450055555685436,0.04500555556854369,9.020562075079397e-17,9.020562075079397e-17,False
boundary_proximity_detection,1,val,deterministic_raw,one_minus_confidence,near_boundary_is_positive,20.0,auroc,0.6257688434608712,0.6257688434608712,0.0,0.0,True
boundary_proximity_detection,1,val,deterministic_raw,one_minus_confidence,near_boundary_is_positive,20.0,aupr,0.0840374536015364,0.0840374536015364,0.0,0.0,True
boundary_proximity_detection,1,val,deterministic_raw,normalised_entropy,near_boundary_is_positive,20.0,auroc,0.6343447475955667,0.6343447475955667,0.0,0.0,True
boundary_proximity_detection,1,val,deterministic_raw,normalised_entropy,near_boundary_is_positive,20.0,aupr,0.0875573258349685,0.08755732583496853,2.7755575615628914e-17,2.7755575615628914e-17,False
boundary_proximity_detection,1,val,mc_dropout_t30,mc_entropy,near_boundary_is_positive,5.0,auroc,0.6404080613578855,0.6327846133993144,-0.007623447958571172,0.007623447958571172,False
boundary_proximity_detection,1,val,mc_dropout_t30,mc_entropy,near_boundary_is_positive,5.0,aupr,0.0242394481155356,0.02341078986539793,-0.000828658250137667,0.000828658250137667,False
boundary_proximity_detection,1,val,mc_dropout_t30,mc_mutual_info,near_boundary_is_positive,5.0,auroc,0.6463055382561029,0.6366549684962942,-0.009650569759808714,0.009650569759808714,False
boundary_proximity_detection,1,val,mc_dropout_t30,mc_mutual_info,near_boundary_is_positive,5.0,aupr,0.0247067836758985,0.022340993741044184,-0.0023657899348543156,0.0023657899348543156,False
boundary_proximity_detection,1,val,mc_dropout_t30,mc_entropy,near_boundary_is_positive,10.0,auroc,0.6346372556917008,0.6269276898153534,-0.007709565876347413,0.007709565876347413,False
boundary_proximity_detection,1,val,mc_dropout_t30,mc_entropy,near_boundary_is_positive,10.0,aupr,0.0450882209886137,0.0433016949176135,-0.0017865260710002023,0.0017865260710002023,False
boundary_proximity_detection,1,val,mc_dropout_t30,mc_mutual_info,near_boundary_is_positive,10.0,auroc,0.6418103949806224,0.6312422989369924,-0.01056809604363007,0.01056809604363007,False
boundary_proximity_detection,1,val,mc_dropout_t30,mc_mutual_info,near_boundary_is_positive,10.0,aupr,0.0464739450979746,0.04182703351357271,-0.0046469115844018916,0.0046469115844018916,False
boundary_proximity_detection,1,val,mc_dropout_t30,mc_entropy,near_boundary_is_positive,20.0,auroc,0.6394000066187907,0.632982537423746,-0.006417469195044712,0.006417469195044712,False
boundary_proximity_detection,1,val,mc_dropout_t30,mc_entropy,near_boundary_is_positive,20.0,aupr,0.0882841137306157,0.08545872993969642,-0.002825383790919289,0.002825383790919289,False
boundary_proximity_detection,1,val,mc_dropout_t30,mc_mutual_info,near_boundary_is_positive,20.0,auroc,0.651861771282958,0.6444483316707562,-0.007413439612201755,0.007413439612201755,False
boundary_proximity_detection,1,val,mc_dropout_t30,mc_mutual_info,near_boundary_is_positive,20.0,aupr,0.0943475491722789,0.08618110221060885,-0.008166446961670057,0.008166446961670057,False
boundary_proximity_detection,1,test,deterministic_raw,one_minus_confidence,near_boundary_is_positive,5.0,auroc,0.5690476527330222,0.5690476527330222,0.0,0.0,True
boundary_proximity_detection,1,test,deterministic_raw,one_minus_confidence,near_boundary_is_positive,5.0,aupr,0.0263450937730263,0.026345093773026344,4.5102810375396984e-17,4.5102810375396984e-17,False
boundary_proximity_detection,1,test,deterministic_raw,normalised_entropy,near_boundary_is_positive,5.0,auroc,0.5756179232432936,0.5756179232432936,0.0,0.0,True
boundary_proximity_detection,1,test,deterministic_raw,normalised_entropy,near_boundary_is_positive,5.0,aupr,0.0273633622180025,0.027363362218002535,3.469446951953614e-17,3.469446951953614e-17,False
boundary_proximity_detection,1,test,deterministic_raw,one_minus_confidence,near_boundary_is_positive,10.0,auroc,0.5622332867528927,0.5622332867528927,0.0,0.0,True
boundary_proximity_detection,1,test,deterministic_raw,one_minus_confidence,near_boundary_is_positive,10.0,aupr,0.0499784493582292,0.04997844935822923,3.469446951953614e-17,3.469446951953614e-17,False
boundary_proximity_detection,1,test,deterministic_raw,normalised_entropy,near_boundary_is_positive,10.0,auroc,0.565683457346717,0.565683457346717,0.0,0.0,True
boundary_proximity_detection,1,test,deterministic_raw,normalised_entropy,near_boundary_is_positive,10.0,aupr,0.0507572995116267,0.05075729951162672,2.0816681711721685e-17,2.0816681711721685e-17,False
boundary_proximity_detection,1,test,deterministic_raw,one_minus_confidence,near_boundary_is_positive,20.0,auroc,0.544973323272107,0.544973323272107,0.0,0.0,True
boundary_proximity_detection,1,test,deterministic_raw,one_minus_confidence,near_boundary_is_positive,20.0,aupr,0.0909454799950333,0.09094547999503336,5.551115123125783e-17,5.551115123125783e-17,False
boundary_proximity_detection,1,test,deterministic_raw,normalised_entropy,near_boundary_is_positive,20.0,auroc,0.5509815964902364,0.5509815964902364,0.0,0.0,True
boundary_proximity_detection,1,test,deterministic_raw,normalised_entropy,near_boundary_is_positive,20.0,aupr,0.0923825365228,0.09238253652280007,6.938893903907228e-17,6.938893903907228e-17,False
boundary_proximity_detection,1,test,mc_dropout_t30,mc_entropy,near_boundary_is_positive,5.0,auroc,0.5802555948050229,0.5775100954078123,-0.0027454993972105823,0.0027454993972105823,False
boundary_proximity_detection,1,test,mc_dropout_t30,mc_entropy,near_boundary_is_positive,5.0,aupr,0.0282029134492877,0.027909292125977835,-0.00029362132330986584,0.00029362132330986584,False
boundary_proximity_detection,1,test,mc_dropout_t30,mc_mutual_info,near_boundary_is_positive,5.0,auroc,0.5921914598042477,0.590164551760883,-0.0020269080433646947,0.0020269080433646947,False
boundary_proximity_detection,1,test,mc_dropout_t30,mc_mutual_info,near_boundary_is_positive,5.0,aupr,0.0331879971877255,0.03184626686016337,-0.0013417303275621295,0.0013417303275621295,False
boundary_proximity_detection,1,test,mc_dropout_t30,mc_entropy,near_boundary_is_positive,10.0,auroc,0.5711903756282125,0.5678547494752662,-0.0033356261529463582,0.0033356261529463582,False
boundary_proximity_detection,1,test,mc_dropout_t30,mc_entropy,near_boundary_is_positive,10.0,aupr,0.0523523360223446,0.0517818400033749,-0.0005704960189696975,0.0005704960189696975,False
boundary_proximity_detection,1,test,mc_dropout_t30,mc_mutual_info,near_boundary_is_positive,10.0,auroc,0.5847387191263793,0.5808016019166363,-0.003937117209742991,0.003937117209742991,False
boundary_proximity_detection,1,test,mc_dropout_t30,mc_mutual_info,near_boundary_is_positive,10.0,aupr,0.0617673752465757,0.059065741006524224,-0.002701634240051473,0.002701634240051473,False
boundary_proximity_detection,1,test,mc_dropout_t30,mc_entropy,near_boundary_is_positive,20.0,auroc,0.5553855045049688,0.5534815764010347,-0.0019039281039341382,0.0019039281039341382,False
boundary_proximity_detection,1,test,mc_dropout_t30,mc_entropy,near_boundary_is_positive,20.0,aupr,0.0945338831830233,0.09361642798419048,-0.0009174551988328228,0.0009174551988328228,False
boundary_proximity_detection,1,test,mc_dropout_t30,mc_mutual_info,near_boundary_is_positive,20.0,auroc,0.5679220148970435,0.5622705501448639,-0.005651464752179591,0.005651464752179591,False
boundary_proximity_detection,1,test,mc_dropout_t30,mc_mutual_info,near_boundary_is_positive,20.0,aupr,0.1039426162191283,0.10045098148053624,-0.003491634738592056,0.003491634738592056,False
boundary_proximity_detection,2,val,deterministic_raw,one_minus_confidence,near_boundary_is_positive,5.0,auroc,0.6351532825009959,0.6351532825009959,0.0,0.0,True
boundary_proximity_detection,2,val,deterministic_raw,one_minus_confidence,near_boundary_is_positive,5.0,aupr,0.0286331417352819,0.0286331417352819,0.0,0.0,True
boundary_proximity_detection,2,val,deterministic_raw,normalised_entropy,near_boundary_is_positive,5.0,auroc,0.6381447318958892,0.6381447318958892,0.0,0.0,True
boundary_proximity_detection,2,val,deterministic_raw,normalised_entropy,near_boundary_is_positive,5.0,aupr,0.0289386212581855,0.028938621258185592,9.367506770274758e-17,9.367506770274758e-17,False
boundary_proximity_detection,2,val,deterministic_raw,one_minus_confidence,near_boundary_is_positive,10.0,auroc,0.6260530131481199,0.6260530131481199,0.0,0.0,True
boundary_proximity_detection,2,val,deterministic_raw,one_minus_confidence,near_boundary_is_positive,10.0,aupr,0.0516999476063854,0.05169994760638544,3.469446951953614e-17,3.469446951953614e-17,False
boundary_proximity_detection,2,val,deterministic_raw,normalised_entropy,near_boundary_is_positive,10.0,auroc,0.6265887684564458,0.6265887684564458,0.0,0.0,True
boundary_proximity_detection,2,val,deterministic_raw,normalised_entropy,near_boundary_is_positive,10.0,aupr,0.0504403029066831,0.05044030290668311,6.938893903907228e-18,6.938893903907228e-18,False
boundary_proximity_detection,2,val,deterministic_raw,one_minus_confidence,near_boundary_is_positive,20.0,auroc,0.6229729953337526,0.6229729953337526,0.0,0.0,True
boundary_proximity_detection,2,val,deterministic_raw,one_minus_confidence,near_boundary_is_positive,20.0,aupr,0.0924507236325112,0.09245072363251126,6.938893903907228e-17,6.938893903907228e-17,False
boundary_proximity_detection,2,val,deterministic_raw,normalised_entropy,near_boundary_is_positive,20.0,auroc,0.6239277165014332,0.6239277165014332,0.0,0.0,True
boundary_proximity_detection,2,val,deterministic_raw,normalised_entropy,near_boundary_is_positive,20.0,aupr,0.0910859749945227,0.09108597499452271,1.3877787807814457e-17,1.3877787807814457e-17,False
boundary_proximity_detection,2,val,mc_dropout_t30,mc_entropy,near_boundary_is_positive,5.0,auroc,0.6529503515061746,0.6528549707405475,-9.538076562709552e-05,9.538076562709552e-05,False
boundary_proximity_detection,2,val,mc_dropout_t30,mc_entropy,near_boundary_is_positive,5.0,aupr,0.0315958490364024,0.0317190125230026,0.00012316348660020016,0.00012316348660020016,False
boundary_proximity_detection,2,val,mc_dropout_t30,mc_mutual_info,near_boundary_is_positive,5.0,auroc,0.6355721162747638,0.630447363843957,-0.005124752430806789,0.005124752430806789,False
boundary_proximity_detection,2,val,mc_dropout_t30,mc_mutual_info,near_boundary_is_positive,5.0,aupr,0.0231977230449887,0.022510364870596038,-0.0006873581743926625,0.0006873581743926625,False
boundary_proximity_detection,2,val,mc_dropout_t30,mc_entropy,near_boundary_is_positive,10.0,auroc,0.6397785077316436,0.6408776899645265,0.001099182232882967,0.001099182232882967,False
boundary_proximity_detection,2,val,mc_dropout_t30,mc_entropy,near_boundary_is_positive,10.0,aupr,0.0540440700298808,0.054033393912652126,-1.0676117228672344e-05,1.0676117228672344e-05,False
boundary_proximity_detection,2,val,mc_dropout_t30,mc_mutual_info,near_boundary_is_positive,10.0,auroc,0.6239140941759825,0.6247543864359852,0.0008402922600027063,0.0008402922600027063,False
boundary_proximity_detection,2,val,mc_dropout_t30,mc_mutual_info,near_boundary_is_positive,10.0,aupr,0.0416195086088173,0.04134308332953188,-0.00027642527928542493,0.00027642527928542493,False
boundary_proximity_detection,2,val,mc_dropout_t30,mc_entropy,near_boundary_is_positive,20.0,auroc,0.6383958415083278,0.6397267700143565,0.0013309285060286724,0.0013309285060286724,False
boundary_proximity_detection,2,val,mc_dropout_t30,mc_entropy,near_boundary_is_positive,20.0,aupr,0.0961233391583964,0.09605697075394623,-6.636840445016501e-05,6.636840445016501e-05,False
boundary_proximity_detection,2,val,mc_dropout_t30,mc_mutual_info,near_boundary_is_positive,20.0,auroc,0.621045469516529,0.6264327712088906,0.005387301692361679,0.005387301692361679,False
boundary_proximity_detection,2,val,mc_dropout_t30,mc_mutual_info,near_boundary_is_positive,20.0,aupr,0.0781468977619817,0.07949293565737392,0.001346037895392213,0.001346037895392213,False
boundary_proximity_detection,2,test,deterministic_raw,one_minus_confidence,near_boundary_is_positive,5.0,auroc,0.5995968158263485,0.5995968158263485,0.0,0.0,True
boundary_proximity_detection,2,test,deterministic_raw,one_minus_confidence,near_boundary_is_positive,5.0,aupr,0.0276652181348631,0.027665218134863136,3.469446951953614e-17,3.469446951953614e-17,False
boundary_proximity_detection,2,test,deterministic_raw,normalised_entropy,near_boundary_is_positive,5.0,auroc,0.6077350314790092,0.6077350314790092,0.0,0.0,True
boundary_proximity_detection,2,test,deterministic_raw,normalised_entropy,near_boundary_is_positive,5.0,aupr,0.0283228385693813,0.02832283856938135,5.204170427930421e-17,5.204170427930421e-17,False
boundary_proximity_detection,2,test,deterministic_raw,one_minus_confidence,near_boundary_is_positive,10.0,auroc,0.6043803152184494,0.6043803152184494,0.0,0.0,True
boundary_proximity_detection,2,test,deterministic_raw,one_minus_confidence,near_boundary_is_positive,10.0,aupr,0.0552504688318757,0.05525046883187572,2.0816681711721685e-17,2.0816681711721685e-17,False
boundary_proximity_detection,2,test,deterministic_raw,normalised_entropy,near_boundary_is_positive,10.0,auroc,0.609011279867998,0.609011279867998,0.0,0.0,True
boundary_proximity_detection,2,test,deterministic_raw,normalised_entropy,near_boundary_is_positive,10.0,aupr,0.0551966032625039,0.05519660326250393,3.469446951953614e-17,3.469446951953614e-17,False
boundary_proximity_detection,2,test,deterministic_raw,one_minus_confidence,near_boundary_is_positive,20.0,auroc,0.5966401780152645,0.5966401780152645,0.0,0.0,True
boundary_proximity_detection,2,test,deterministic_raw,one_minus_confidence,near_boundary_is_positive,20.0,aupr,0.1069676349515026,0.10696763495150269,8.326672684688674e-17,8.326672684688674e-17,False
boundary_proximity_detection,2,test,deterministic_raw,normalised_entropy,near_boundary_is_positive,20.0,auroc,0.5977124737870555,0.5977124737870555,0.0,0.0,True
boundary_proximity_detection,2,test,deterministic_raw,normalised_entropy,near_boundary_is_positive,20.0,aupr,0.1031272013316853,0.10312720133168532,1.3877787807814457e-17,1.3877787807814457e-17,False
boundary_proximity_detection,2,test,mc_dropout_t30,mc_entropy,near_boundary_is_positive,5.0,auroc,0.6108811563926546,0.6098197952773208,-0.0010613611153338365,0.0010613611153338365,False
boundary_proximity_detection,2,test,mc_dropout_t30,mc_entropy,near_boundary_is_positive,5.0,aupr,0.0285135049447498,0.028484625735750314,-2.8879208999486872e-05,2.8879208999486872e-05,False
boundary_proximity_detection,2,test,mc_dropout_t30,mc_mutual_info,near_boundary_is_positive,5.0,auroc,0.6059799130357565,0.6067129231755645,0.0007330101398079769,0.0007330101398079769,False
boundary_proximity_detection,2,test,mc_dropout_t30,mc_mutual_info,near_boundary_is_positive,5.0,aupr,0.030429237444443,0.03089147984151689,0.00046224239707388926,0.00046224239707388926,False
boundary_proximity_detection,2,test,mc_dropout_t30,mc_entropy,near_boundary_is_positive,10.0,auroc,0.6113569550068343,0.6105387160692866,-0.0008182389375477328,0.0008182389375477328,False
boundary_proximity_detection,2,test,mc_dropout_t30,mc_entropy,near_boundary_is_positive,10.0,aupr,0.0552259610773259,0.05524080039664438,1.483931931847704e-05,1.483931931847704e-05,False
boundary_proximity_detection,2,test,mc_dropout_t30,mc_mutual_info,near_boundary_is_positive,10.0,auroc,0.606731171325113,0.6068844121250737,0.00015324079996070772,0.00015324079996070772,False
boundary_proximity_detection,2,test,mc_dropout_t30,mc_mutual_info,near_boundary_is_positive,10.0,aupr,0.056643552067107,0.05760352321607031,0.0009599711489633109,0.0009599711489633109,False
boundary_proximity_detection,2,test,mc_dropout_t30,mc_entropy,near_boundary_is_positive,20.0,auroc,0.5990500249521739,0.5989236188466083,-0.00012640610556557963,0.00012640610556557963,False
boundary_proximity_detection,2,test,mc_dropout_t30,mc_entropy,near_boundary_is_positive,20.0,aupr,0.1029046927094595,0.1031662863523516,0.00026159364289210507,0.00026159364289210507,False
boundary_proximity_detection,2,test,mc_dropout_t30,mc_mutual_info,near_boundary_is_positive,20.0,auroc,0.5953674491618507,0.5935973307270018,-0.0017701184348488663,0.0017701184348488663,False
boundary_proximity_detection,2,test,mc_dropout_t30,mc_mutual_info,near_boundary_is_positive,20.0,aupr,0.1023923537883239,0.10234109650898457,-5.125727933932844e-05,5.125727933932844e-05,False
temperature_scaling_calibration,0,test,deterministic_temperature_scaling,raw,overall,,nll,1.130344569530492,1.1303445711125129,1.5820209586792089e-09,1.5820209586792089e-09,False
temperature_scaling_calibration,0,test,deterministic_temperature_scaling,raw,overall,,brier,0.5359307133703093,0.535930713725868,3.555586935988231e-10,3.555586935988231e-10,False
temperature_scaling_calibration,0,test,deterministic_temperature_scaling,raw,overall,,ece_15_bins,0.2048696853173505,0.2048696859825975,6.65246996378599e-10,6.65246996378599e-10,False
temperature_scaling_calibration,0,test,deterministic_temperature_scaling,raw,overall,,accuracy,0.6523877405559515,0.6523877405559515,0.0,0.0,True
temperature_scaling_calibration,0,test,deterministic_temperature_scaling,temperature_scaled,overall,,nll,0.9376078468046564,0.9376078471837708,3.791144065345975e-10,3.791144065345975e-10,False
temperature_scaling_calibration,0,test,deterministic_temperature_scaling,temperature_scaled,overall,,brier,0.4776739610302157,0.4776739611050098,7.479411534561109e-11,7.479411534561109e-11,False
temperature_scaling_calibration,0,test,deterministic_temperature_scaling,temperature_scaled,overall,,ece_15_bins,0.0985610812346614,0.0985610815056707,2.710092983360113e-10,2.710092983360113e-10,False
temperature_scaling_calibration,0,test,deterministic_temperature_scaling,temperature_scaled,overall,,accuracy,0.6523877405559515,0.6523877405559515,0.0,0.0,True
temperature_scaling_calibration,1,test,deterministic_temperature_scaling,raw,overall,,nll,1.3378015545294089,1.3378015549382036,4.0879477580801904e-10,4.0879477580801904e-10,False
temperature_scaling_calibration,1,test,deterministic_temperature_scaling,raw,overall,,brier,0.5756676052492299,0.5756676052582946,9.064748951459478e-12,9.064748951459478e-12,False
temperature_scaling_calibration,1,test,deterministic_temperature_scaling,raw,overall,,ece_15_bins,0.152936269574305,0.1529362705774304,1.0031253883102664e-09,1.0031253883102664e-09,False
temperature_scaling_calibration,1,test,deterministic_temperature_scaling,raw,overall,,accuracy,0.6356735566642908,0.6356735566642908,0.0,0.0,True
temperature_scaling_calibration,1,test,deterministic_temperature_scaling,temperature_scaled,overall,,nll,1.1608522435721944,1.1608522431951271,-3.7706726629949117e-10,3.7706726629949117e-10,False
temperature_scaling_calibration,1,test,deterministic_temperature_scaling,temperature_scaled,overall,,brier,0.5522928298059314,0.552292829654982,-1.5094936411941262e-10,1.5094936411941262e-10,False
temperature_scaling_calibration,1,test,deterministic_temperature_scaling,temperature_scaled,overall,,ece_15_bins,0.0988422557055884,0.0988422552143516,-4.912368012366386e-10,4.912368012366386e-10,False
temperature_scaling_calibration,1,test,deterministic_temperature_scaling,temperature_scaled,overall,,accuracy,0.6356735566642908,0.6356735566642908,0.0,0.0,True
temperature_scaling_calibration,2,test,deterministic_temperature_scaling,raw,overall,,nll,1.0114661368454287,1.0114661383295855,1.4841567974599457e-09,1.4841567974599457e-09,False
temperature_scaling_calibration,2,test,deterministic_temperature_scaling,raw,overall,,brier,0.479949425215992,0.479949425618209,4.022170374540224e-10,4.022170374540224e-10,False
temperature_scaling_calibration,2,test,deterministic_temperature_scaling,raw,overall,,ece_15_bins,0.1611240776085064,0.1611240783538807,7.453743178231775e-10,7.453743178231775e-10,False
temperature_scaling_calibration,2,test,deterministic_temperature_scaling,raw,overall,,accuracy,0.6812544547398431,0.6812544547398431,0.0,0.0,True
temperature_scaling_calibration,2,test,deterministic_temperature_scaling,temperature_scaled,overall,,nll,0.8724630387082399,0.8724630388710896,1.6284962267576475e-10,1.6284962267576475e-10,False
temperature_scaling_calibration,2,test,deterministic_temperature_scaling,temperature_scaled,overall,,brier,0.4378504939148823,0.437850493327131,-5.877512920804406e-10,5.877512920804406e-10,False
temperature_scaling_calibration,2,test,deterministic_temperature_scaling,temperature_scaled,overall,,ece_15_bins,0.0472914122096906,0.0472914102623095,-1.9473811035952693e-09,1.9473811035952693e-09,False
temperature_scaling_calibration,2,test,deterministic_temperature_scaling,temperature_scaled,overall,,accuracy,0.6812544547398431,0.6812544547398431,0.0,0.0,True
