section,split,prediction_source,score_or_state,region,window_sec,metric,direction,value_mean,value_std,n_training_seeds,n_frames_mean,positive_rate_mean,notes
overall_error_detection,test,deterministic_raw,normalised_entropy,overall,,auroc,higher,0.6973613590288128,0.10062284205231424,3,28060.0,0.34356141601330487,
overall_error_detection,test,deterministic_raw,normalised_entropy,overall,,aupr,higher,0.5301290210327773,0.0780078442352114,3,28060.0,0.34356141601330487,
overall_error_detection,test,deterministic_raw,normalised_entropy,overall,,exact_aurc,lower,0.2126180650584798,0.07988690884615007,3,28060.0,0.34356141601330487,
overall_error_detection,test,deterministic_raw,one_minus_confidence,overall,,auroc,higher,0.6879059024692399,0.09837713558242454,3,28060.0,0.34356141601330487,
overall_error_detection,test,deterministic_raw,one_minus_confidence,overall,,aupr,higher,0.5131995824335437,0.06499670855473365,3,28060.0,0.34356141601330487,
overall_error_detection,test,deterministic_raw,one_minus_confidence,overall,,exact_aurc,lower,0.2179416245748174,0.08145709019275205,3,28060.0,0.34356141601330487,
overall_error_detection,test,mc_dropout_t30,mc_entropy,overall,,auroc,higher,0.7048909070432924,0.09970528227667859,3,28060.0,0.34151817533856016,
overall_error_detection,test,mc_dropout_t30,mc_entropy,overall,,aupr,higher,0.5340221851483199,0.0831859049163649,3,28060.0,0.34151817533856016,
overall_error_detection,test,mc_dropout_t30,mc_entropy,overall,,exact_aurc,lower,0.20590258661681435,0.07597775075951997,3,28060.0,0.34151817533856016,
overall_error_detection,test,mc_dropout_t30,mc_mutual_info,overall,,auroc,higher,0.7238578926610972,0.0649884104343855,3,28060.0,0.34151817533856016,
overall_error_detection,test,mc_dropout_t30,mc_mutual_info,overall,,aupr,higher,0.5564154742735364,0.0222732672905416,3,28060.0,0.34151817533856016,
overall_error_detection,test,mc_dropout_t30,mc_mutual_info,overall,,exact_aurc,lower,0.1956943354590811,0.05940466851958279,3,28060.0,0.34151817533856016,
overall_error_detection,val,deterministic_raw,normalised_entropy,overall,,auroc,higher,0.7318071407167238,0.03867504867374768,3,14972.0,0.27542523822245973,
overall_error_detection,val,deterministic_raw,normalised_entropy,overall,,aupr,higher,0.5054383200033649,0.07313528959660014,3,14972.0,0.27542523822245973,
overall_error_detection,val,deterministic_raw,normalised_entropy,overall,,exact_aurc,lower,0.1577621016061607,0.01565880084076764,3,14972.0,0.27542523822245973,
overall_error_detection,val,deterministic_raw,one_minus_confidence,overall,,auroc,higher,0.7223341058776639,0.03833572101353907,3,14972.0,0.27542523822245973,
overall_error_detection,val,deterministic_raw,one_minus_confidence,overall,,aupr,higher,0.491389851230609,0.06582759742346306,3,14972.0,0.27542523822245973,
overall_error_detection,val,deterministic_raw,one_minus_confidence,overall,,exact_aurc,lower,0.1626454062356162,0.017010636934842595,3,14972.0,0.27542523822245973,
overall_error_detection,val,mc_dropout_t30,mc_entropy,overall,,auroc,higher,0.7388456492301647,0.027530301491746824,3,14972.0,0.27740671475643425,
overall_error_detection,val,mc_dropout_t30,mc_entropy,overall,,aupr,higher,0.5184119843463756,0.06377822169830555,3,14972.0,0.27740671475643425,
overall_error_detection,val,mc_dropout_t30,mc_entropy,overall,,exact_aurc,lower,0.15664408529667953,0.0141959036425521,3,14972.0,0.27740671475643425,
overall_error_detection,val,mc_dropout_t30,mc_mutual_info,overall,,auroc,higher,0.7553984047442985,0.018652290945056108,3,14972.0,0.27740671475643425,
overall_error_detection,val,mc_dropout_t30,mc_mutual_info,overall,,aupr,higher,0.5416831938828442,0.06411371000527817,3,14972.0,0.27740671475643425,
overall_error_detection,val,mc_dropout_t30,mc_mutual_info,overall,,exact_aurc,lower,0.14817648795962146,0.007388386976118965,3,14972.0,0.27740671475643425,
conditional_error_detection,test,deterministic_raw,normalised_entropy,far_from_boundary,5.0,auroc,higher,0.6996115459424032,0.10202390375756906,3,27455.0,0.3392096157348388,AUPR depends on the error prevalence inside this region.
conditional_error_detection,test,deterministic_raw,normalised_entropy,far_from_boundary,5.0,aupr,higher,0.5280468517640063,0.07804586099723873,3,27455.0,0.3392096157348388,AUPR depends on the error prevalence inside this region.
conditional_error_detection,test,deterministic_raw,normalised_entropy,far_from_boundary,10.0,auroc,higher,0.7007176242216233,0.10352005188807296,3,26905.0,0.33597224803320325,AUPR depends on the error prevalence inside this region.
conditional_error_detection,test,deterministic_raw,normalised_entropy,far_from_boundary,10.0,aupr,higher,0.5262092152894469,0.07860867183876846,3,26905.0,0.33597224803320325,AUPR depends on the error prevalence inside this region.
conditional_error_detection,test,deterministic_raw,normalised_entropy,far_from_boundary,20.0,auroc,higher,0.7030702829987621,0.10604907877016923,3,25824.0,0.3300160057827344,AUPR depends on the error prevalence inside this region.
conditional_error_detection,test,deterministic_raw,normalised_entropy,far_from_boundary,20.0,aupr,higher,0.522996550876918,0.08120930777101186,3,25824.0,0.3300160057827344,AUPR depends on the error prevalence inside this region.
conditional_error_detection,test,deterministic_raw,normalised_entropy,near_boundary,5.0,auroc,higher,0.5722305346855027,0.052136262971130366,3,605.0,0.541046831955923,AUPR depends on the error prevalence inside this region.
conditional_error_detection,test,deterministic_raw,normalised_entropy,near_boundary,5.0,aupr,higher,0.6097627686172302,0.07341763332605684,3,605.0,0.541046831955923,AUPR depends on the error prevalence inside this region.
conditional_error_detection,test,deterministic_raw,normalised_entropy,near_boundary,10.0,auroc,higher,0.5962654246211608,0.04267085763245891,3,1155.0,0.5203463203463204,AUPR depends on the error prevalence inside this region.
conditional_error_detection,test,deterministic_raw,normalised_entropy,near_boundary,10.0,aupr,higher,0.6007705478494855,0.0634702338186379,3,1155.0,0.5203463203463204,AUPR depends on the error prevalence inside this region.
conditional_error_detection,test,deterministic_raw,normalised_entropy,near_boundary,20.0,auroc,higher,0.6145232581820705,0.042393353358718966,3,2236.0,0.5,AUPR depends on the error prevalence inside this region.
conditional_error_detection,test,deterministic_raw,normalised_entropy,near_boundary,20.0,aupr,higher,0.5973998693593048,0.042606244052369305,3,2236.0,0.5,AUPR depends on the error prevalence inside this region.
conditional_error_detection,test,deterministic_raw,one_minus_confidence,far_from_boundary,5.0,auroc,higher,0.690314237690561,0.09971418605175496,3,27455.0,0.3392096157348388,AUPR depends on the error prevalence inside this region.
conditional_error_detection,test,deterministic_raw,one_minus_confidence,far_from_boundary,5.0,aupr,higher,0.511866066292956,0.06505262360940453,3,27455.0,0.3392096157348388,AUPR depends on the error prevalence inside this region.
conditional_error_detection,test,deterministic_raw,one_minus_confidence,far_from_boundary,10.0,auroc,higher,0.6913983689113916,0.10127423726365342,3,26905.0,0.33597224803320325,AUPR depends on the error prevalence inside this region.
conditional_error_detection,test,deterministic_raw,one_minus_confidence,far_from_boundary,10.0,aupr,higher,0.5102285599892966,0.06577714149791469,3,26905.0,0.33597224803320325,AUPR depends on the error prevalence inside this region.
conditional_error_detection,test,deterministic_raw,one_minus_confidence,far_from_boundary,20.0,auroc,higher,0.6937340888005258,0.10330724231537924,3,25824.0,0.3300160057827344,AUPR depends on the error prevalence inside this region.
conditional_error_detection,test,deterministic_raw,one_minus_confidence,far_from_boundary,20.0,aupr,higher,0.5069901424576543,0.06747544400408616,3,25824.0,0.3300160057827344,AUPR depends on the error prevalence inside this region.
conditional_error_detection,test,deterministic_raw,one_minus_confidence,near_boundary,5.0,auroc,higher,0.5545246166575529,0.05144907376634844,3,605.0,0.541046831955923,AUPR depends on the error prevalence inside this region.
conditional_error_detection,test,deterministic_raw,one_minus_confidence,near_boundary,5.0,aupr,higher,0.5777944261253095,0.06441248158303083,3,605.0,0.541046831955923,AUPR depends on the error prevalence inside this region.
conditional_error_detection,test,deterministic_raw,one_minus_confidence,near_boundary,10.0,auroc,higher,0.5821378903269726,0.03958739392021022,3,1155.0,0.5203463203463204,AUPR depends on the error prevalence inside this region.
conditional_error_detection,test,deterministic_raw,one_minus_confidence,near_boundary,10.0,aupr,higher,0.5769309713785937,0.05404482226931945,3,1155.0,0.5203463203463204,AUPR depends on the error prevalence inside this region.
conditional_error_detection,test,deterministic_raw,one_minus_confidence,near_boundary,20.0,auroc,higher,0.6032862827767745,0.04379826129601559,3,2236.0,0.5,AUPR depends on the error prevalence inside this region.
conditional_error_detection,test,deterministic_raw,one_minus_confidence,near_boundary,20.0,aupr,higher,0.5772476552824807,0.03675546365650851,3,2236.0,0.5,AUPR depends on the error prevalence inside this region.
conditional_error_detection,test,mc_dropout_t30,mc_entropy,far_from_boundary,5.0,auroc,higher,0.7071212078618553,0.10131659817670327,3,27455.0,0.33708492684999697,AUPR depends on the error prevalence inside this region.
conditional_error_detection,test,mc_dropout_t30,mc_entropy,far_from_boundary,5.0,aupr,higher,0.5316286261522377,0.08381506849646407,3,27455.0,0.33708492684999697,AUPR depends on the error prevalence inside this region.
conditional_error_detection,test,mc_dropout_t30,mc_entropy,far_from_boundary,10.0,auroc,higher,0.708441330543208,0.10313813268385215,3,26905.0,0.33394040760701227,AUPR depends on the error prevalence inside this region.
conditional_error_detection,test,mc_dropout_t30,mc_entropy,far_from_boundary,10.0,aupr,higher,0.530255195619923,0.08499492113256789,3,26905.0,0.33394040760701227,AUPR depends on the error prevalence inside this region.
conditional_error_detection,test,mc_dropout_t30,mc_entropy,far_from_boundary,20.0,auroc,higher,0.7110279955440636,0.10609421583537741,3,25824.0,0.32813145394465093,AUPR depends on the error prevalence inside this region.
conditional_error_detection,test,mc_dropout_t30,mc_entropy,far_from_boundary,20.0,aupr,higher,0.5272153031998261,0.08858452189780332,3,25824.0,0.32813145394465093,AUPR depends on the error prevalence inside this region.
conditional_error_detection,test,mc_dropout_t30,mc_entropy,near_boundary,5.0,auroc,higher,0.583808883135628,0.04397632105971714,3,605.0,0.5426997245179064,AUPR depends on the error prevalence inside this region.
conditional_error_detection,test,mc_dropout_t30,mc_entropy,near_boundary,5.0,aupr,higher,0.6268509973735638,0.06285472820949095,3,605.0,0.5426997245179064,AUPR depends on the error prevalence inside this region.
conditional_error_detection,test,mc_dropout_t30,mc_entropy,near_boundary,10.0,auroc,higher,0.6009964780055107,0.030981419951851625,3,1155.0,0.518037518037518,AUPR depends on the error prevalence inside this region.
conditional_error_detection,test,mc_dropout_t30,mc_entropy,near_boundary,10.0,aupr,higher,0.6044745010121331,0.05190893843578162,3,1155.0,0.518037518037518,AUPR depends on the error prevalence inside this region.
conditional_error_detection,test,mc_dropout_t30,mc_entropy,near_boundary,20.0,auroc,higher,0.6185894658162221,0.03201772848619515,3,2236.0,0.49612403100775193,AUPR depends on the error prevalence inside this region.
conditional_error_detection,test,mc_dropout_t30,mc_entropy,near_boundary,20.0,aupr,higher,0.5997459823498277,0.032760019187884244,3,2236.0,0.49612403100775193,AUPR depends on the error prevalence inside this region.
conditional_error_detection,test,mc_dropout_t30,mc_mutual_info,far_from_boundary,5.0,auroc,higher,0.7261949149410105,0.06611229160521544,3,27455.0,0.33708492684999697,AUPR depends on the error prevalence inside this region.
conditional_error_detection,test,mc_dropout_t30,mc_mutual_info,far_from_boundary,5.0,aupr,higher,0.5547190938676413,0.0229363739848208,3,27455.0,0.33708492684999697,AUPR depends on the error prevalence inside this region.
conditional_error_detection,test,mc_dropout_t30,mc_mutual_info,far_from_boundary,10.0,auroc,higher,0.7279526534663376,0.06785505033521734,3,26905.0,0.33394040760701227,AUPR depends on the error prevalence inside this region.
conditional_error_detection,test,mc_dropout_t30,mc_mutual_info,far_from_boundary,10.0,aupr,higher,0.5546021435895528,0.024746153007154645,3,26905.0,0.33394040760701227,AUPR depends on the error prevalence inside this region.
conditional_error_detection,test,mc_dropout_t30,mc_mutual_info,far_from_boundary,20.0,auroc,higher,0.7312225365845862,0.07000973060403563,3,25824.0,0.32813145394465093,AUPR depends on the error prevalence inside this region.
conditional_error_detection,test,mc_dropout_t30,mc_mutual_info,far_from_boundary,20.0,aupr,higher,0.552890433785811,0.0276322890101672,3,25824.0,0.32813145394465093,AUPR depends on the error prevalence inside this region.
conditional_error_detection,test,mc_dropout_t30,mc_mutual_info,near_boundary,5.0,auroc,higher,0.5987642086858259,0.03165240124850202,3,605.0,0.5426997245179064,AUPR depends on the error prevalence inside this region.
conditional_error_detection,test,mc_dropout_t30,mc_mutual_info,near_boundary,5.0,aupr,higher,0.6293345048404712,0.021686889088790552,3,605.0,0.5426997245179064,AUPR depends on the error prevalence inside this region.
conditional_error_detection,test,mc_dropout_t30,mc_mutual_info,near_boundary,10.0,auroc,higher,0.6080717681170879,0.015061282545353018,3,1155.0,0.518037518037518,AUPR depends on the error prevalence inside this region.
conditional_error_detection,test,mc_dropout_t30,mc_mutual_info,near_boundary,10.0,aupr,higher,0.6028198435525904,0.021747501307692537,3,1155.0,0.518037518037518,AUPR depends on the error prevalence inside this region.
conditional_error_detection,test,mc_dropout_t30,mc_mutual_info,near_boundary,20.0,auroc,higher,0.6260342217088896,0.013514137870071448,3,2236.0,0.49612403100775193,AUPR depends on the error prevalence inside this region.
conditional_error_detection,test,mc_dropout_t30,mc_mutual_info,near_boundary,20.0,aupr,higher,0.5979239641252799,0.026728182556455787,3,2236.0,0.49612403100775193,AUPR depends on the error prevalence inside this region.
conditional_error_detection,val,deterministic_raw,normalised_entropy,far_from_boundary,5.0,auroc,higher,0.7337824455138069,0.03870339127824107,3,14730.0,0.2708078750848608,AUPR depends on the error prevalence inside this region.
conditional_error_detection,val,deterministic_raw,normalised_entropy,far_from_boundary,5.0,aupr,higher,0.5037191356708873,0.07516735362399371,3,14730.0,0.2708078750848608,AUPR depends on the error prevalence inside this region.
conditional_error_detection,val,deterministic_raw,normalised_entropy,far_from_boundary,10.0,auroc,higher,0.7361517556621471,0.03743202732684102,3,14510.0,0.2674707098552722,AUPR depends on the error prevalence inside this region.
conditional_error_detection,val,deterministic_raw,normalised_entropy,far_from_boundary,10.0,aupr,higher,0.5030533772066249,0.07424064704222025,3,14510.0,0.2674707098552722,AUPR depends on the error prevalence inside this region.
conditional_error_detection,val,deterministic_raw,normalised_entropy,far_from_boundary,20.0,auroc,higher,0.7389866907195658,0.03749185634364353,3,14070.0,0.26081497275527127,AUPR depends on the error prevalence inside this region.
conditional_error_detection,val,deterministic_raw,normalised_entropy,far_from_boundary,20.0,aupr,higher,0.4999359431379409,0.0740181564536704,3,14070.0,0.26081497275527127,AUPR depends on the error prevalence inside this region.
conditional_error_detection,val,deterministic_raw,normalised_entropy,near_boundary,5.0,auroc,higher,0.5561432466025936,0.05204423047956919,3,242.0,0.5564738292011019,AUPR depends on the error prevalence inside this region.
conditional_error_detection,val,deterministic_raw,normalised_entropy,near_boundary,5.0,aupr,higher,0.6053743880542654,0.03547699217196025,3,242.0,0.5564738292011019,AUPR depends on the error prevalence inside this region.
conditional_error_detection,val,deterministic_raw,normalised_entropy,near_boundary,10.0,auroc,higher,0.5481658946334286,0.08535379267358506,3,462.0,0.5252525252525252,AUPR depends on the error prevalence inside this region.
conditional_error_detection,val,deterministic_raw,normalised_entropy,near_boundary,10.0,aupr,higher,0.5769378292420511,0.08000952888728449,3,462.0,0.5252525252525252,AUPR depends on the error prevalence inside this region.
conditional_error_detection,val,deterministic_raw,normalised_entropy,near_boundary,20.0,auroc,higher,0.5744196366006135,0.0757113641491428,3,902.0,0.5033259423503326,AUPR depends on the error prevalence inside this region.
conditional_error_detection,val,deterministic_raw,normalised_entropy,near_boundary,20.0,aupr,higher,0.5784912888256705,0.09742859247777085,3,902.0,0.5033259423503326,AUPR depends on the error prevalence inside this region.
conditional_error_detection,val,deterministic_raw,one_minus_confidence,far_from_boundary,5.0,auroc,higher,0.7243313971855022,0.03804426068770443,3,14730.0,0.2708078750848608,AUPR depends on the error prevalence inside this region.
conditional_error_detection,val,deterministic_raw,one_minus_confidence,far_from_boundary,5.0,aupr,higher,0.4891958710533622,0.06687899082403624,3,14730.0,0.2708078750848608,AUPR depends on the error prevalence inside this region.
conditional_error_detection,val,deterministic_raw,one_minus_confidence,far_from_boundary,10.0,auroc,higher,0.7267325346666419,0.036655600389008273,3,14510.0,0.2674707098552722,AUPR depends on the error prevalence inside this region.
conditional_error_detection,val,deterministic_raw,one_minus_confidence,far_from_boundary,10.0,aupr,higher,0.4884699258736854,0.06585754952385597,3,14510.0,0.2674707098552722,AUPR depends on the error prevalence inside this region.
conditional_error_detection,val,deterministic_raw,one_minus_confidence,far_from_boundary,20.0,auroc,higher,0.729679874510983,0.03601464747326039,3,14070.0,0.26081497275527127,AUPR depends on the error prevalence inside this region.
conditional_error_detection,val,deterministic_raw,one_minus_confidence,far_from_boundary,20.0,aupr,higher,0.4860222596948405,0.06437564570401734,3,14070.0,0.26081497275527127,AUPR depends on the error prevalence inside this region.
conditional_error_detection,val,deterministic_raw,one_minus_confidence,near_boundary,5.0,auroc,higher,0.549056574560736,0.0665617042611892,3,242.0,0.5564738292011019,AUPR depends on the error prevalence inside this region.
conditional_error_detection,val,deterministic_raw,one_minus_confidence,near_boundary,5.0,aupr,higher,0.6018497398372634,0.06300600362446883,3,242.0,0.5564738292011019,AUPR depends on the error prevalence inside this region.
conditional_error_detection,val,deterministic_raw,one_minus_confidence,near_boundary,10.0,auroc,higher,0.542406368901737,0.09213919477029982,3,462.0,0.5252525252525252,AUPR depends on the error prevalence inside this region.
conditional_error_detection,val,deterministic_raw,one_minus_confidence,near_boundary,10.0,aupr,higher,0.5739017242898942,0.09240073413005899,3,462.0,0.5252525252525252,AUPR depends on the error prevalence inside this region.
conditional_error_detection,val,deterministic_raw,one_minus_confidence,near_boundary,20.0,auroc,higher,0.5657257418743087,0.08328543054312028,3,902.0,0.5033259423503326,AUPR depends on the error prevalence inside this region.
conditional_error_detection,val,deterministic_raw,one_minus_confidence,near_boundary,20.0,aupr,higher,0.568152216358775,0.11060116857910762,3,902.0,0.5033259423503326,AUPR depends on the error prevalence inside this region.
conditional_error_detection,val,mc_dropout_t30,mc_entropy,far_from_boundary,5.0,auroc,higher,0.740452563021643,0.02735545144339083,3,14730.0,0.2726861280832768,AUPR depends on the error prevalence inside this region.
conditional_error_detection,val,mc_dropout_t30,mc_entropy,far_from_boundary,5.0,aupr,higher,0.5159827035879961,0.06532734524218882,3,14730.0,0.2726861280832768,AUPR depends on the error prevalence inside this region.
conditional_error_detection,val,mc_dropout_t30,mc_entropy,far_from_boundary,10.0,auroc,higher,0.7425024846651351,0.026175494459923582,3,14510.0,0.2693085228577992,AUPR depends on the error prevalence inside this region.
conditional_error_detection,val,mc_dropout_t30,mc_entropy,far_from_boundary,10.0,aupr,higher,0.514874482667889,0.06459133010712464,3,14510.0,0.2693085228577992,AUPR depends on the error prevalence inside this region.
conditional_error_detection,val,mc_dropout_t30,mc_entropy,far_from_boundary,20.0,auroc,higher,0.7452207935399718,0.025929427463689342,3,14070.0,0.26280502250651505,AUPR depends on the error prevalence inside this region.
conditional_error_detection,val,mc_dropout_t30,mc_entropy,far_from_boundary,20.0,aupr,higher,0.5117992169765446,0.06505004711685279,3,14070.0,0.26280502250651505,AUPR depends on the error prevalence inside this region.
conditional_error_detection,val,mc_dropout_t30,mc_entropy,near_boundary,5.0,auroc,higher,0.5779773202033186,0.04455975986353857,3,242.0,0.5647382920110192,AUPR depends on the error prevalence inside this region.
conditional_error_detection,val,mc_dropout_t30,mc_entropy,near_boundary,5.0,aupr,higher,0.6411742416019689,0.02028605257678814,3,242.0,0.5647382920110192,AUPR depends on the error prevalence inside this region.
conditional_error_detection,val,mc_dropout_t30,mc_entropy,near_boundary,10.0,auroc,higher,0.5706436830096013,0.07266570116346831,3,462.0,0.5317460317460317,AUPR depends on the error prevalence inside this region.
conditional_error_detection,val,mc_dropout_t30,mc_entropy,near_boundary,10.0,aupr,higher,0.6084779782763095,0.0660974564016958,3,462.0,0.5317460317460317,AUPR depends on the error prevalence inside this region.
conditional_error_detection,val,mc_dropout_t30,mc_entropy,near_boundary,20.0,auroc,higher,0.5893183375330565,0.06081182893201164,3,902.0,0.5051736881005174,AUPR depends on the error prevalence inside this region.
conditional_error_detection,val,mc_dropout_t30,mc_entropy,near_boundary,20.0,aupr,higher,0.5986830763964975,0.07801151699316279,3,902.0,0.5051736881005174,AUPR depends on the error prevalence inside this region.
conditional_error_detection,val,mc_dropout_t30,mc_mutual_info,far_from_boundary,5.0,auroc,higher,0.7574348284132965,0.018891708664552323,3,14730.0,0.2726861280832768,AUPR depends on the error prevalence inside this region.
conditional_error_detection,val,mc_dropout_t30,mc_mutual_info,far_from_boundary,5.0,aupr,higher,0.5399190886289028,0.06624676657640466,3,14730.0,0.2726861280832768,AUPR depends on the error prevalence inside this region.
conditional_error_detection,val,mc_dropout_t30,mc_mutual_info,far_from_boundary,10.0,auroc,higher,0.759825952525866,0.01832316761114227,3,14510.0,0.2693085228577992,AUPR depends on the error prevalence inside this region.
conditional_error_detection,val,mc_dropout_t30,mc_mutual_info,far_from_boundary,10.0,aupr,higher,0.5398034856652361,0.06887761875072998,3,14510.0,0.2693085228577992,AUPR depends on the error prevalence inside this region.
conditional_error_detection,val,mc_dropout_t30,mc_mutual_info,far_from_boundary,20.0,auroc,higher,0.7632511727187308,0.018275821453592817,3,14070.0,0.26280502250651505,AUPR depends on the error prevalence inside this region.
conditional_error_detection,val,mc_dropout_t30,mc_mutual_info,far_from_boundary,20.0,aupr,higher,0.5396006827425137,0.07363474284510084,3,14070.0,0.26280502250651505,AUPR depends on the error prevalence inside this region.
conditional_error_detection,val,mc_dropout_t30,mc_mutual_info,near_boundary,5.0,auroc,higher,0.576116453587425,0.04970219190650854,3,242.0,0.5647382920110192,AUPR depends on the error prevalence inside this region.
conditional_error_detection,val,mc_dropout_t30,mc_mutual_info,near_boundary,5.0,aupr,higher,0.6484700306055513,0.045341773878302766,3,242.0,0.5647382920110192,AUPR depends on the error prevalence inside this region.
conditional_error_detection,val,mc_dropout_t30,mc_mutual_info,near_boundary,10.0,auroc,higher,0.5687785231590786,0.0801117152149659,3,462.0,0.5317460317460317,AUPR depends on the error prevalence inside this region.
conditional_error_detection,val,mc_dropout_t30,mc_mutual_info,near_boundary,10.0,aupr,higher,0.613224222325826,0.10227791229124333,3,462.0,0.5317460317460317,AUPR depends on the error prevalence inside this region.
conditional_error_detection,val,mc_dropout_t30,mc_mutual_info,near_boundary,20.0,auroc,higher,0.5861883570251237,0.07157137696689991,3,902.0,0.5051736881005174,AUPR depends on the error prevalence inside this region.
conditional_error_detection,val,mc_dropout_t30,mc_mutual_info,near_boundary,20.0,aupr,higher,0.5852905166560419,0.10741166082932513,3,902.0,0.5051736881005174,AUPR depends on the error prevalence inside this region.
boundary_proximity_detection,test,deterministic_raw,normalised_entropy,near_boundary_is_positive,5.0,auroc,higher,0.5914056610541767,0.01606540334920158,3,28060.0,0.021560940841054883,Positive means within the inclusive ground-truth boundary window.
boundary_proximity_detection,test,deterministic_raw,normalised_entropy,near_boundary_is_positive,5.0,aupr,higher,0.032865506379734136,0.008712280664849541,3,28060.0,0.021560940841054883,Positive means within the inclusive ground-truth boundary window.
boundary_proximity_detection,test,deterministic_raw,normalised_entropy,near_boundary_is_positive,10.0,auroc,higher,0.5901262337984137,0.022192145600619547,3,28060.0,0.041161796151104775,Positive means within the inclusive ground-truth boundary window.
boundary_proximity_detection,test,deterministic_raw,normalised_entropy,near_boundary_is_positive,10.0,aupr,higher,0.060664926444263634,0.013499693918324531,3,28060.0,0.041161796151104775,Positive means within the inclusive ground-truth boundary window.
boundary_proximity_detection,test,deterministic_raw,normalised_entropy,near_boundary_is_positive,20.0,auroc,higher,0.5787511769501211,0.024579119563551157,3,28060.0,0.0796863863150392,Positive means within the inclusive ground-truth boundary window.
boundary_proximity_detection,test,deterministic_raw,normalised_entropy,near_boundary_is_positive,20.0,aupr,higher,0.10664047034992537,0.016301033506872044,3,28060.0,0.0796863863150392,Positive means within the inclusive ground-truth boundary window.
boundary_proximity_detection,test,deterministic_raw,one_minus_confidence,near_boundary_is_positive,5.0,auroc,higher,0.5856774496508937,0.015453888427601072,3,28060.0,0.021560940841054883,Positive means within the inclusive ground-truth boundary window.
boundary_proximity_detection,test,deterministic_raw,one_minus_confidence,near_boundary_is_positive,5.0,aupr,higher,0.02871943581366399,0.0030417015624475525,3,28060.0,0.021560940841054883,Positive means within the inclusive ground-truth boundary window.
boundary_proximity_detection,test,deterministic_raw,one_minus_confidence,near_boundary_is_positive,10.0,auroc,higher,0.5864318765749726,0.021757557179877894,3,28060.0,0.041161796151104775,Positive means within the inclusive ground-truth boundary window.
boundary_proximity_detection,test,deterministic_raw,one_minus_confidence,near_boundary_is_positive,10.0,aupr,higher,0.056386921238767006,0.007045775983516981,3,28060.0,0.041161796151104775,Positive means within the inclusive ground-truth boundary window.
boundary_proximity_detection,test,deterministic_raw,one_minus_confidence,near_boundary_is_positive,20.0,auroc,higher,0.57571452960511,0.027196044800029844,3,28060.0,0.0796863863150392,Positive means within the inclusive ground-truth boundary window.
boundary_proximity_detection,test,deterministic_raw,one_minus_confidence,near_boundary_is_positive,20.0,aupr,higher,0.1037885028540635,0.011585355016193984,3,28060.0,0.0796863863150392,Positive means within the inclusive ground-truth boundary window.
boundary_proximity_detection,test,mc_dropout_t30,mc_entropy,near_boundary_is_positive,5.0,auroc,higher,0.5901810475744682,0.0172450516783833,3,28060.0,0.021560940841054883,Positive means within the inclusive ground-truth boundary window.
boundary_proximity_detection,test,mc_dropout_t30,mc_entropy,near_boundary_is_positive,5.0,aupr,higher,0.03271627383563044,0.00783296711444415,3,28060.0,0.021560940841054883,Positive means within the inclusive ground-truth boundary window.
boundary_proximity_detection,test,mc_dropout_t30,mc_entropy,near_boundary_is_positive,10.0,auroc,higher,0.5894319251130252,0.02134587073326603,3,28060.0,0.041161796151104775,Positive means within the inclusive ground-truth boundary window.
boundary_proximity_detection,test,mc_dropout_t30,mc_entropy,near_boundary_is_positive,10.0,aupr,higher,0.06011540405176843,0.011568615833959364,3,28060.0,0.041161796151104775,Positive means within the inclusive ground-truth boundary window.
boundary_proximity_detection,test,mc_dropout_t30,mc_entropy,near_boundary_is_positive,20.0,auroc,higher,0.5786144664695985,0.02310186441380906,3,28060.0,0.0796863863150392,Positive means within the inclusive ground-truth boundary window.
boundary_proximity_detection,test,mc_dropout_t30,mc_entropy,near_boundary_is_positive,20.0,aupr,higher,0.10603392573159592,0.01407218929123501,3,28060.0,0.0796863863150392,Positive means within the inclusive ground-truth boundary window.
boundary_proximity_detection,test,mc_dropout_t30,mc_mutual_info,near_boundary_is_positive,5.0,auroc,higher,0.5901913323730844,0.01650821678830138,3,28060.0,0.021560940841054883,Positive means within the inclusive ground-truth boundary window.
boundary_proximity_detection,test,mc_dropout_t30,mc_mutual_info,near_boundary_is_positive,5.0,aupr,higher,0.029935522444776475,0.002528119661425156,3,28060.0,0.021560940841054883,Positive means within the inclusive ground-truth boundary window.
boundary_proximity_detection,test,mc_dropout_t30,mc_mutual_info,near_boundary_is_positive,10.0,auroc,higher,0.5894331801300766,0.015113502794264417,3,28060.0,0.041161796151104775,Positive means within the inclusive ground-truth boundary window.
boundary_proximity_detection,test,mc_dropout_t30,mc_mutual_info,near_boundary_is_positive,10.0,aupr,higher,0.05637065308171995,0.0034793909097050866,3,28060.0,0.041161796151104775,Positive means within the inclusive ground-truth boundary window.
boundary_proximity_detection,test,mc_dropout_t30,mc_mutual_info,near_boundary_is_positive,20.0,auroc,higher,0.5770941266609845,0.015730786914205295,3,28060.0,0.0796863863150392,Positive means within the inclusive ground-truth boundary window.
boundary_proximity_detection,test,mc_dropout_t30,mc_mutual_info,near_boundary_is_positive,20.0,aupr,higher,0.10077880044378325,0.001426914150055538,3,28060.0,0.0796863863150392,Positive means within the inclusive ground-truth boundary window.
boundary_proximity_detection,val,deterministic_raw,normalised_entropy,near_boundary_is_positive,5.0,auroc,higher,0.6367451594261445,0.0039933770799849035,3,14972.0,0.01616350520972482,Positive means within the inclusive ground-truth boundary window.
boundary_proximity_detection,val,deterministic_raw,normalised_entropy,near_boundary_is_positive,5.0,aupr,higher,0.026930415876138685,0.0021350010347399354,3,14972.0,0.01616350520972482,Positive means within the inclusive ground-truth boundary window.
boundary_proximity_detection,val,deterministic_raw,normalised_entropy,near_boundary_is_positive,10.0,auroc,higher,0.6296083807455276,0.005554378427273696,3,14972.0,0.030857600854929206,Positive means within the inclusive ground-truth boundary window.
boundary_proximity_detection,val,deterministic_raw,normalised_entropy,near_boundary_is_positive,10.0,aupr,higher,0.04762269252403809,0.0027229142207565987,3,14972.0,0.030857600854929206,Positive means within the inclusive ground-truth boundary window.
boundary_proximity_detection,val,deterministic_raw,normalised_entropy,near_boundary_is_positive,20.0,auroc,higher,0.6289777750462133,0.005215741564605845,3,14972.0,0.06024579214533796,Positive means within the inclusive ground-truth boundary window.
boundary_proximity_detection,val,deterministic_raw,normalised_entropy,near_boundary_is_positive,20.0,aupr,higher,0.08811137630121484,0.002739914508238132,3,14972.0,0.06024579214533796,Positive means within the inclusive ground-truth boundary window.
boundary_proximity_detection,val,deterministic_raw,one_minus_confidence,near_boundary_is_positive,5.0,auroc,higher,0.6308751278756833,0.003910704973092773,3,14972.0,0.01616350520972482,Positive means within the inclusive ground-truth boundary window.
boundary_proximity_detection,val,deterministic_raw,one_minus_confidence,near_boundary_is_positive,5.0,aupr,higher,0.02637378140453799,0.0024216283394722553,3,14972.0,0.01616350520972482,Positive means within the inclusive ground-truth boundary window.
boundary_proximity_detection,val,deterministic_raw,one_minus_confidence,near_boundary_is_positive,10.0,auroc,higher,0.6233979799968773,0.004672223016481153,3,14972.0,0.030857600854929206,Positive means within the inclusive ground-truth boundary window.
boundary_proximity_detection,val,deterministic_raw,one_minus_confidence,near_boundary_is_positive,10.0,aupr,higher,0.04655168658238707,0.004541487458710254,3,14972.0,0.030857600854929206,Positive means within the inclusive ground-truth boundary window.
boundary_proximity_detection,val,deterministic_raw,one_minus_confidence,near_boundary_is_positive,20.0,auroc,higher,0.6233328789480956,0.0022774493649927083,3,14972.0,0.06024579214533796,Positive means within the inclusive ground-truth boundary window.
boundary_proximity_detection,val,deterministic_raw,one_minus_confidence,near_boundary_is_positive,20.0,aupr,higher,0.0862395369695617,0.00545439823221174,3,14972.0,0.06024579214533796,Positive means within the inclusive ground-truth boundary window.
boundary_proximity_detection,val,mc_dropout_t30,mc_entropy,near_boundary_is_positive,5.0,auroc,higher,0.6445089667270745,0.010452977758428765,3,14972.0,0.01616350520972482,Positive means within the inclusive ground-truth boundary window.
boundary_proximity_detection,val,mc_dropout_t30,mc_entropy,near_boundary_is_positive,5.0,aupr,higher,0.028055465913744516,0.0042401181781017,3,14972.0,0.01616350520972482,Positive means within the inclusive ground-truth boundary window.
boundary_proximity_detection,val,mc_dropout_t30,mc_entropy,near_boundary_is_positive,10.0,auroc,higher,0.6369522984099137,0.008749340684632973,3,14972.0,0.030857600854929206,Positive means within the inclusive ground-truth boundary window.
boundary_proximity_detection,val,mc_dropout_t30,mc_entropy,near_boundary_is_positive,10.0,aupr,higher,0.04919968797256844,0.005444434876751582,3,14972.0,0.030857600854929206,Positive means within the inclusive ground-truth boundary window.
boundary_proximity_detection,val,mc_dropout_t30,mc_entropy,near_boundary_is_positive,20.0,auroc,higher,0.6359938770932583,0.0034295258608471025,3,14972.0,0.06024579214533796,Positive means within the inclusive ground-truth boundary window.
boundary_proximity_detection,val,mc_dropout_t30,mc_entropy,near_boundary_is_positive,20.0,aupr,higher,0.09023789702987041,0.005375102924096654,3,14972.0,0.06024579214533796,Positive means within the inclusive ground-truth boundary window.
boundary_proximity_detection,val,mc_dropout_t30,mc_mutual_info,near_boundary_is_positive,5.0,auroc,higher,0.631213168530332,0.005102184607692196,3,14972.0,0.01616350520972482,Positive means within the inclusive ground-truth boundary window.
boundary_proximity_detection,val,mc_dropout_t30,mc_mutual_info,near_boundary_is_positive,5.0,aupr,higher,0.022367371300564803,0.0001317995269793396,3,14972.0,0.01616350520972482,Positive means within the inclusive ground-truth boundary window.
boundary_proximity_detection,val,mc_dropout_t30,mc_mutual_info,near_boundary_is_positive,10.0,auroc,higher,0.6273826678719856,0.003414735507593776,3,14972.0,0.030857600854929206,Positive means within the inclusive ground-truth boundary window.
boundary_proximity_detection,val,mc_dropout_t30,mc_mutual_info,near_boundary_is_positive,10.0,aupr,higher,0.041683566676972615,0.0002960803511146104,3,14972.0,0.030857600854929206,Positive means within the inclusive ground-truth boundary window.
boundary_proximity_detection,val,mc_dropout_t30,mc_mutual_info,near_boundary_is_positive,20.0,auroc,higher,0.6307221547210626,0.012162643934425661,3,14972.0,0.06024579214533796,Positive means within the inclusive ground-truth boundary window.
boundary_proximity_detection,val,mc_dropout_t30,mc_mutual_info,near_boundary_is_positive,20.0,aupr,higher,0.08155898606529971,0.004010361205841856,3,14972.0,0.06024579214533796,Positive means within the inclusive ground-truth boundary window.
mc_validation_convergence,val,mc_dropout,T=10,overall,,all_seeds_stable,required_true,0.0,,3,14972.0,,
mc_validation_convergence,val,mc_dropout,T=10,overall,,prediction_disagreement_max,lower,0.0168314186481432,,3,14972.0,,
mc_validation_convergence,val,mc_dropout,T=10,overall,,mc_entropy_spearman_min,higher,0.9929970805185224,,3,14972.0,,
mc_validation_convergence,val,mc_dropout,T=10,overall,,mc_mutual_information_spearman_min,higher,0.9308379228381362,,3,14972.0,,
mc_validation_convergence,val,mc_dropout,T=10,overall,,error_auroc_abs_diff_max,lower,0.0146279190316551,,3,14972.0,,
mc_validation_convergence,val,mc_dropout,T=10,overall,,error_aupr_abs_diff_max,lower,0.0227964640991906,,3,14972.0,,
mc_validation_convergence,val,mc_dropout,T=10,overall,,aurc_abs_diff_max,lower,0.003441711015971,,3,14972.0,,
mc_validation_convergence,val,mc_dropout,T=10,overall,,inference_seconds_mean,lower,1.3359622999996643,0.0819893505183412,3,14972.0,,
mc_validation_convergence,val,mc_dropout,T=20,overall,,all_seeds_stable,required_true,0.0,,3,14972.0,,
mc_validation_convergence,val,mc_dropout,T=20,overall,,prediction_disagreement_max,lower,0.010285866951643,,3,14972.0,,
mc_validation_convergence,val,mc_dropout,T=20,overall,,mc_entropy_spearman_min,higher,0.9973662898024404,,3,14972.0,,
mc_validation_convergence,val,mc_dropout,T=20,overall,,mc_mutual_information_spearman_min,higher,0.9716447965983248,,3,14972.0,,
mc_validation_convergence,val,mc_dropout,T=20,overall,,error_auroc_abs_diff_max,lower,0.0073695026813346,,3,14972.0,,
mc_validation_convergence,val,mc_dropout,T=20,overall,,error_aupr_abs_diff_max,lower,0.0147184324163185,,3,14972.0,,
mc_validation_convergence,val,mc_dropout,T=20,overall,,aurc_abs_diff_max,lower,0.0019572864527672,,3,14972.0,,
mc_validation_convergence,val,mc_dropout,T=20,overall,,inference_seconds_mean,lower,2.637382399998993,0.0875783186237235,3,14972.0,,
mc_validation_convergence,val,mc_dropout,T=30,overall,,all_seeds_stable,required_true,1.0,,3,14972.0,,T=30 is the smallest candidate stable for all three seeds.
mc_validation_convergence,val,mc_dropout,T=30,overall,,prediction_disagreement_max,lower,0.0062783863211327,,3,14972.0,,T=30 is the smallest candidate stable for all three seeds.
mc_validation_convergence,val,mc_dropout,T=30,overall,,mc_entropy_spearman_min,higher,0.998954625546378,,3,14972.0,,T=30 is the smallest candidate stable for all three seeds.
mc_validation_convergence,val,mc_dropout,T=30,overall,,mc_mutual_information_spearman_min,higher,0.9867004696196232,,3,14972.0,,T=30 is the smallest candidate stable for all three seeds.
mc_validation_convergence,val,mc_dropout,T=30,overall,,error_auroc_abs_diff_max,lower,0.0038354005902292,,3,14972.0,,T=30 is the smallest candidate stable for all three seeds.
mc_validation_convergence,val,mc_dropout,T=30,overall,,error_aupr_abs_diff_max,lower,0.008264281037519,,3,14972.0,,T=30 is the smallest candidate stable for all three seeds.
mc_validation_convergence,val,mc_dropout,T=30,overall,,aurc_abs_diff_max,lower,0.0010828019842464,,3,14972.0,,T=30 is the smallest candidate stable for all three seeds.
mc_validation_convergence,val,mc_dropout,T=30,overall,,inference_seconds_mean,lower,3.930695699998372,0.1018007832556036,3,14972.0,,T=30 is the smallest candidate stable for all three seeds.
mc_validation_convergence,val,mc_dropout,T=50,overall,,all_seeds_stable,required_true,1.0,,3,14972.0,,
mc_validation_convergence,val,mc_dropout,T=50,overall,,prediction_disagreement_max,lower,0.0,,3,14972.0,,
mc_validation_convergence,val,mc_dropout,T=50,overall,,mc_entropy_spearman_min,higher,1.0,,3,14972.0,,
mc_validation_convergence,val,mc_dropout,T=50,overall,,mc_mutual_information_spearman_min,higher,0.9999999999999998,,3,14972.0,,
mc_validation_convergence,val,mc_dropout,T=50,overall,,error_auroc_abs_diff_max,lower,0.0,,3,14972.0,,
mc_validation_convergence,val,mc_dropout,T=50,overall,,error_aupr_abs_diff_max,lower,0.0,,3,14972.0,,
mc_validation_convergence,val,mc_dropout,T=50,overall,,aurc_abs_diff_max,lower,0.0,,3,14972.0,,
mc_validation_convergence,val,mc_dropout,T=50,overall,,inference_seconds_mean,lower,6.5506986000000325,0.1282309787725707,3,14972.0,,
temperature_scaling_calibration,test,,raw,overall,,nll,lower,1.159870754793434,0.1651591586178305,3,,,Temperature fitted per seed on validation raw logits; test evaluation only.
temperature_scaling_calibration,test,,raw,overall,,brier,lower,0.5305159148674572,0.0480882783369368,3,,,Temperature fitted per seed on validation raw logits; test evaluation only.
temperature_scaling_calibration,test,,raw,overall,,ece_15_bins,lower,0.1729766783046362,0.0279219090161453,3,,,Temperature fitted per seed on validation raw logits; test evaluation only.
temperature_scaling_calibration,test,,raw,overall,,accuracy,unchanged,0.6564385839866952,0.0230588717572818,3,,,Temperature fitted per seed on validation raw logits; test evaluation only.
temperature_scaling_calibration,test,,raw,overall,,macro_f1,unchanged,0.5619335408472679,0.0324807421221417,3,,,Temperature fitted per seed on validation raw logits; test evaluation only.
temperature_scaling_calibration,test,,temperature_scaled,overall,,nll,lower,0.9903077097499958,0.1512449666221561,3,,,Temperature fitted per seed on validation raw logits; test evaluation only.
temperature_scaling_calibration,test,,temperature_scaled,overall,,brier,lower,0.489272428029041,0.0580960877536958,3,,,Temperature fitted per seed on validation raw logits; test evaluation only.
temperature_scaling_calibration,test,,temperature_scaled,overall,,ece_15_bins,lower,0.0815649156607773,0.029682059293245,3,,,Temperature fitted per seed on validation raw logits; test evaluation only.
temperature_scaling_calibration,test,,temperature_scaled,overall,,accuracy,unchanged,0.6564385839866952,0.0230588717572818,3,,,Temperature fitted per seed on validation raw logits; test evaluation only.
temperature_scaling_calibration,test,,temperature_scaled,overall,,macro_f1,unchanged,0.5619335408472679,0.0324807421221417,3,,,Temperature fitted per seed on validation raw logits; test evaluation only.
